,codigo_municipio,Total
0,1100015,12.7
1,1100023,11.3
2,1100031,7.8
3,1100049,4.3
4,1100056,7.2
5,1100064,5.6
6,1100072,11.4
7,1100080,20.9
8,1100098,9.2
9,1100106,20
10,1100114,5.6
11,1100122,7.7
12,1100130,14
13,1100148,5.1
14,1100155,8.7
15,1100189,7
16,1100205,10.6
17,1100254,7.3
18,1100262,15.4
19,1100288,5.7
20,1100296,4.4
21,1100304,8.1
22,1100320,4.4
23,1100338,18.2
24,1100346,7.1
25,1100379,14.3
26,1100403,14.4
27,1100452,7.9
28,1100502,6.3
29,1100601,11.3
30,1100700,16.7
31,1100809,18.9
32,1100908,7
33,1100924,11.7
34,1100940,14.8
35,1101005,12
36,1101104,11.3
37,1101203,5.9
38,1101302,12.3
39,1101401,16.2
40,1101435,12.7
41,1101450,11.1
42,1101468,8.6
43,1101476,5.4
44,1101484,6.4
45,1101492,6.7
46,1101500,5.6
47,1101559,9
48,1101609,9.2
49,1101708,8.6
50,1101757,11.8
51,1101807,10.9
52,1200013,19.7
53,1200054,37.3
54,1200104,14.4
55,1200138,24.9
56,1200179,24.4
57,1200203,18.4
58,1200252,18.8
59,1200302,38.6
60,1200328,34.6
61,1200336,19.7
62,1200344,36.7
63,1200351,33.3
64,1200385,22.5
65,1200393,26.4
66,1200401,13.1
67,1200427,20.1
68,1200435,28
69,1200450,17
70,1200500,27.1
71,1200609,35.5
72,1200708,29.4
73,1200807,26
74,1300029,26.4
75,1300060,21.1
76,1300086,12.9
77,1300102,13.5
78,1300144,23.9
79,1300201,31
80,1300300,23.5
81,1300409,26.3
82,1300508,15.4
83,1300607,12.7
84,1300631,24.9
85,1300680,16.5
86,1300706,17.8
87,1300805,18.4
88,1300839,20.2
89,1300904,32.2
90,1301001,21.5
91,1301100,20
92,1301159,21.9
93,1301209,17.7
94,1301308,22.5
95,1301407,18.9
96,1301506,30.3
97,1301605,24.9
98,1301654,22.4
99,1301704,16.2
100,1301803,35.2
101,1301852,18.7
102,1301902,10.3
103,1301951,31.4
104,1302009,13.7
105,1302108,35.2
106,1302207,35.2
107,1302306,26.2
108,1302405,25.9
109,1302504,11.5
110,1302553,18.6
111,1302603,11.2
112,1302702,15.5
113,1302801,28.9
114,1302900,23.7
115,1303007,13.4
116,1303106,18.5
117,1303205,12.1
118,1303304,15.4
119,1303403,11
120,1303502,45.4
121,1303536,22.4
122,1303569,16.5
123,1303601,19
124,1303700,24.2
125,1303809,26.6
126,1303908,18.5
127,1303957,12.8
128,1304005,13.6
129,1304062,11.4
130,1304104,28.5
131,1304203,19.6
132,1304237,17.7
133,1304260,28.3
134,1304302,10.6
135,1304401,15.2
136,1400027,28.5
137,1400050,32.3
138,1400100,15.1
139,1400159,19.6
140,1400175,18.6
141,1400209,24.4
142,1400233,23.5
143,1400282,26.3
144,1400308,19.7
145,1400407,15.4
146,1400456,15.7
147,1400472,20.7
148,1400506,18.8
149,1400605,14.7
150,1400704,24.2
151,1500107,19.5
152,1500131,21.4
153,1500206,32.4
154,1500305,43.3
155,1500347,27.5
156,1500404,29.4
157,1500503,34.8
158,1500602,19.1
159,1500701,43.7
160,1500800,15.4
161,1500859,28.5
162,1500909,28.2
163,1500958,22.1
164,1501006,25.5
165,1501105,35.8
166,1501204,33.8
167,1501253,36.6
168,1501303,24.1
169,1501402,17.8
170,1501451,22.5
171,1501501,11.6
172,1501576,25.7
173,1501600,21.9
174,1501709,24.6
175,1501725,17.3
176,1501758,25.2
177,1501782,23.8
178,1501808,41.9
179,1501907,22.3
180,1501956,22.9
181,1502004,29
182,1502103,31.4
183,1502152,15.6
184,1502202,20.2
185,1502301,24
186,1502400,22.2
187,1502509,39.7
188,1502608,20.7
189,1502707,14.7
190,1502756,31.6
191,1502764,23.9
192,1502772,11.5
193,1502806,42.1
194,1502855,20.4
195,1502905,23.3
196,1502939,18.5
197,1502954,22.4
198,1503002,18.8
199,1503044,15.3
200,1503077,33.5
201,1503093,26.6
202,1503101,36.7
203,1503200,22.6
204,1503309,29.9
205,1503408,24.7
206,1503457,26.4
207,1503507,23.8
208,1503606,24.8
209,1503705,28.3
210,1503754,31.9
211,1503804,25.3
212,1503903,13.7
213,1504000,32.5
214,1504059,22.1
215,1504109,23.9
216,1504208,15.3
217,1504307,23.3
218,1504406,22.4
219,1504422,20.4
220,1504455,29.6
221,1504505,36.3
222,1504604,28.2
223,1504703,16.7
224,1504752,15.5
225,1504802,21.8
226,1504901,29.4
227,1504950,26.1
228,1504976,39.8
229,1505007,15.2
230,1505031,17.1
231,1505064,27.4
232,1505106,22.5
233,1505205,39.8
234,1505304,18.1
235,1505403,26.9
236,1505437,21.7
237,1505486,33.6
238,1505494,29.4
239,1505502,18.9
240,1505536,11.7
241,1505551,23.1
242,1505601,25.3
243,1505635,19.8
244,1505650,16.3
245,1505700,20.2
246,1505809,48.2
247,1505908,46.1
248,1506005,23.1
249,1506104,22.6
250,1506112,27.9
251,1506138,15.5
252,1506161,13
253,1506187,30.4
254,1506195,24.2
255,1506203,12.6
256,1506302,26.2
257,1506351,16.7
258,1506401,26
259,1506500,16.9
260,1506559,24.3
261,1506583,25.4
262,1506609,26.9
263,1506708,35
264,1506807,14
265,1506906,19.8
266,1507003,24
267,1507102,27.3
268,1507151,26.2
269,1507201,39.8
270,1507300,27.9
271,1507409,23.7
272,1507458,22.9
273,1507466,18.2
274,1507474,14.9
275,1507508,25.9
276,1507607,30.2
277,1507706,23.2
278,1507755,33.6
279,1507805,29.9
280,1507904,27.7
281,1507953,25.1
282,1507961,20.8
283,1507979,6.7
284,1508001,16.9
285,1508035,27.4
286,1508050,29.4
287,1508084,23.2
288,1508100,23.7
289,1508126,10.6
290,1508159,17.2
291,1508209,22
292,1508308,27.5
293,1508357,20.1
294,1508407,25.2
295,1600055,23.8
296,1600105,22.1
297,1600154,31.9
298,1600204,31.3
299,1600212,27.6
300,1600238,32.8
301,1600253,36.9
302,1600279,26.8
303,1600303,21.5
304,1600402,31.6
305,1600501,40.9
306,1600535,22.7
307,1600550,32.9
308,1600600,19.4
309,1600709,29.9
310,1600808,26.2
311,1700251,12.6
312,1700301,10.5
313,1700350,8.2
314,1700400,8.1
315,1700707,9.2
316,1701002,7.9
317,1701051,11.4
318,1701101,7.2
319,1701309,14.5
320,1701903,6.3
321,1702000,7.9
322,1702109,8.3
323,1702158,17.2
324,1702208,13.1
325,1702307,14
326,1702406,15.6
327,1702554,10.8
328,1702703,7.5
329,1702901,11
330,1703008,12.1
331,1703057,9.5
332,1703073,17.6
333,1703107,5.6
334,1703206,9.8
335,1703305,4
336,1703602,10.4
337,1703701,13.3
338,1703800,12.9
339,1703826,7
340,1703842,12.9
341,1703867,8.6
342,1703883,24.6
343,1703891,15
344,1703909,7.9
345,1704105,8.1
346,1704600,4.4
347,1705102,16.2
348,1705508,11
349,1705557,7.8
350,1705607,18.5
351,1706001,14.3
352,1706100,7.9
353,1706258,12
354,1706506,16.1
355,1707009,16.2
356,1707108,7.8
357,1707207,14.9
358,1707306,8.6
359,1707405,20
360,1707553,9.8
361,1707652,15.6
362,1707702,17.8
363,1708205,10.8
364,1708254,6.9
365,1708304,6.1
366,1709005,14
367,1709302,8.2
368,1709500,7.1
369,1709807,9
370,1710508,5.9
371,1710706,11.9
372,1710904,6.7
373,1711100,13.7
374,1711506,12.3
375,1711803,15.9
376,1711902,13.8
377,1711951,16.1
378,1712009,10.8
379,1712157,5.8
380,1712405,11.5
381,1712454,7.3
382,1712504,15.1
383,1712702,14.7
384,1712801,12.2
385,1713205,10.8
386,1713304,7.8
387,1713601,15.3
388,1713700,8.4
389,1713809,9.5
390,1713957,10.1
391,1714203,8.1
392,1714302,15.7
393,1714880,20
394,1715002,9.1
395,1715101,12.1
396,1715150,10.2
397,1715259,13.9
398,1715507,16.6
399,1715705,19.7
400,1715754,6.1
401,1716109,4.8
402,1716208,16.9
403,1716307,17.8
404,1716505,4
405,1716604,13.7
406,1716653,11
407,1716703,9.1
408,1717008,15.3
409,1717206,15.5
410,1717503,9.3
411,1717800,16
412,1717909,10.5
413,1718006,15.2
414,1718204,9.5
415,1718303,14.3
416,1718402,9.4
417,1718451,8.5
418,1718501,11.4
419,1718550,18.2
420,1718659,18.9
421,1718709,21.9
422,1718758,8.7
423,1718808,15.4
424,1718840,9.2
425,1718865,16.3
426,1718881,14.3
427,1718899,9
428,1718907,13.8
429,1719004,11.3
430,1720002,8.9
431,1720101,13.6
432,1720150,13.1
433,1720200,18.7
434,1720259,13.3
435,1720309,11.7
436,1720499,6.5
437,1720655,9.9
438,1720804,11.5
439,1720853,13.8
440,1720903,18
441,1720937,21.6
442,1720978,7.1
443,1721000,4.7
444,1721109,27.4
445,1721208,17.7
446,1721257,2.7
447,1721307,13.4
448,1722081,12
449,1722107,11
450,2100055,11.7
451,2100105,20.6
452,2100154,14.3
453,2100204,16.7
454,2100303,24.6
455,2100402,25.9
456,2100436,12.4
457,2100477,4.7
458,2100501,14.9
459,2100550,18.6
460,2100600,30.6
461,2100709,18.5
462,2100808,22.4
463,2100832,13.3
464,2100873,12.6
465,2100907,22.3
466,2100956,28.9
467,2101004,8.3
468,2101103,14.2
469,2101202,10.6
470,2101251,10.7
471,2101301,9.3
472,2101350,13.3
473,2101400,16.2
474,2101509,9.9
475,2101608,25.1
476,2101707,11.8
477,2101731,16.1
478,2101772,17.4
479,2101806,21.9
480,2101905,11.8
481,2101939,15.5
482,2101970,20.3
483,2102002,22.8
484,2102036,12.8
485,2102077,13.5
486,2102101,20.5
487,2102150,13.5
488,2102200,13.4
489,2102309,8.1
490,2102325,12.8
491,2102358,25
492,2102374,17.8
493,2102408,13.7
494,2102507,27
495,2102556,9.2
496,2102606,16
497,2102705,22.7
498,2102754,14.5
499,2102804,21.1
500,2102903,16.8
501,2103000,14.9
502,2103109,12.4
503,2103125,14.8
504,2103158,18.4
505,2103174,22.3
506,2103208,12.6
507,2103257,16
508,2103307,16.8
509,2103406,18.9
510,2103505,8.5
511,2103554,24.4
512,2103604,8
513,2103703,11.9
514,2103752,24.8
515,2103802,11.8
516,2103901,19.6
517,2104008,14.7
518,2104057,17.5
519,2104073,20.2
520,2104081,36.1
521,2104099,9
522,2104107,13.2
523,2104206,13.3
524,2104305,18.9
525,2104404,12.3
526,2104503,13
527,2104552,25.8
528,2104602,20.2
529,2104628,21.9
530,2104651,31
531,2104677,20
532,2104701,19.9
533,2104800,22.2
534,2104909,16.2
535,2105005,16.6
536,2105104,18
537,2105153,21.8
538,2105203,13.2
539,2105302,13.5
540,2105351,19.8
541,2105401,12.8
542,2105427,14.3
543,2105450,17.2
544,2105476,40.1
545,2105500,13.6
546,2105609,14.3
547,2105658,12.4
548,2105708,11.5
549,2105807,10.9
550,2105906,19.9
551,2105922,2.6
552,2105948,4.5
553,2105963,16
554,2105989,14.3
555,2106003,12.1
556,2106102,12.4
557,2106201,15.9
558,2106300,13.9
559,2106326,19.6
560,2106359,22.1
561,2106375,23.1
562,2106409,14.2
563,2106508,11.7
564,2106607,16.9
565,2106631,21.1
566,2106672,11.6
567,2106706,14.8
568,2106755,9.4
569,2106805,15.9
570,2106904,26.4
571,2107001,29.7
572,2107100,20.8
573,2107209,10.4
574,2107258,20.4
575,2107308,18.2
576,2107357,17.4
577,2107407,24.7
578,2107456,15.8
579,2107506,11.7
580,2107605,13.6
581,2107704,22.2
582,2107803,20.5
583,2107902,12.9
584,2108009,7.8
585,2108058,13.9
586,2108108,17.4
587,2108207,13.3
588,2108256,14.2
589,2108306,14
590,2108405,11.1
591,2108454,15
592,2108504,17.3
593,2108603,8.8
594,2108702,23.9
595,2108801,15
596,2108900,15.8
597,2109007,8.8
598,2109056,12.3
599,2109106,14.4
600,2109205,15.5
601,2109239,18.6
602,2109270,12.2
603,2109304,16.5
604,2109403,18.6
605,2109452,13
606,2109502,16.5
607,2109551,20.8
608,2109601,8.5
609,2109700,12.5
610,2109759,21.1
611,2109809,26.8
612,2109908,13.7
613,2110005,12.4
614,2110039,14.9
615,2110104,18.3
616,2110203,7.3
617,2110237,18.3
618,2110278,20.6
619,2110302,12.5
620,2110401,12.1
621,2110500,13.9
622,2110609,12.3
623,2110658,19
624,2110708,9.3
625,2110807,29.4
626,2110856,17.8
627,2110906,15.5
628,2111003,22
629,2111029,17.3
630,2111052,12.3
631,2111078,16.8
632,2111102,11.2
633,2111201,10.2
634,2111250,20.2
635,2111300,14.5
636,2111409,19.7
637,2111508,10.6
638,2111532,12.9
639,2111573,16.7
640,2111607,10.3
641,2111631,24.8
642,2111672,27.4
643,2111706,12.5
644,2111722,30.2
645,2111748,16.3
646,2111763,17.4
647,2111789,14.1
648,2111805,12.1
649,2111904,13.3
650,2111953,18
651,2112001,18.4
652,2112100,17.7
653,2112209,8.5
654,2112233,8.3
655,2112274,18.1
656,2112308,15.8
657,2112407,12.5
658,2112456,21.5
659,2112506,17.1
660,2112605,16.8
661,2112704,8.3
662,2112803,12.6
663,2112852,15.3
664,2112902,11.5
665,2113009,14.1
666,2114007,16.3
667,2200053,10.2
668,2200103,14.2
669,2200202,5.9
670,2200251,10.3
671,2200277,8.6
672,2200301,10.1
673,2200400,9.5
674,2200459,21.9
675,2200509,13.9
676,2200608,9.9
677,2200707,13.4
678,2200806,4.8
679,2200905,16.4
680,2200954,13.6
681,2201002,16
682,2201051,17.3
683,2201101,21.1
684,2201150,10.8
685,2201176,13
686,2201200,11.8
687,2201309,45.1
688,2201408,14.8
689,2201507,24
690,2201556,10.9
691,2201572,0.2
692,2201606,12.9
693,2201705,26.6
694,2201739,19.2
695,2201770,19.5
696,2201804,10.8
697,2201903,12.1
698,2201919,23.5
699,2201929,15.7
700,2201945,16
701,2201960,9.3
702,2201988,22.4
703,2202000,17
704,2202026,3.3
705,2202059,4.7
706,2202075,13.1
707,2202083,18.8
708,2202091,3.8
709,2202109,20.1
710,2202117,32.8
711,2202133,4.1
712,2202174,19.2
713,2202208,8.5
714,2202251,19.5
715,2202307,20
716,2202406,12.4
717,2202455,17.7
718,2202505,43.4
719,2202539,18.5
720,2202554,13.4
721,2202604,8.5
722,2202653,21.4
723,2202703,17.3
724,2202711,14.3
725,2202729,6.5
726,2202737,14.8
727,2202752,17.9
728,2202778,4.6
729,2202802,14.3
730,2202851,12.5
731,2202901,20.5
732,2203008,21.1
733,2203107,29.3
734,2203206,12.4
735,2203230,28.4
736,2203255,16.9
737,2203271,15.2
738,2203305,8.1
739,2203354,30.8
740,2203404,8.4
741,2203420,5.5
742,2203453,11.8
743,2203503,18.8
744,2203602,20.3
745,2203701,17
746,2203750,25.8
747,2203800,23.1
748,2203859,11
749,2203909,15.1
750,2204006,11.4
751,2204105,19.2
752,2204154,11.4
753,2204204,15.2
754,2204303,10
755,2204352,15.4
756,2204402,37.2
757,2204501,13.8
758,2204550,23.2
759,2204600,8.7
760,2204659,27
761,2204709,6.6
762,2204808,7.1
763,2204907,12.3
764,2205003,10.6
765,2205102,19.1
766,2205151,18.2
767,2205201,12.2
768,2205250,22.3
769,2205276,9.9
770,2205300,33
771,2205359,15.4
772,2205409,14.8
773,2205458,20
774,2205508,15.7
775,2205516,16.3
776,2205524,16.4
777,2205532,32.6
778,2205540,15.1
779,2205557,10.4
780,2205565,15.5
781,2205573,16.9
782,2205581,29.9
783,2205599,13.7
784,2205607,12.7
785,2205706,28.5
786,2205805,26.5
787,2205854,6.6
788,2205904,17.9
789,2205953,11.6
790,2206001,14.7
791,2206050,25.2
792,2206100,18.2
793,2206209,26.5
794,2206308,10.7
795,2206357,24.3
796,2206407,18.3
797,2206506,13.4
798,2206605,19.5
799,2206654,18.7
800,2206670,20
801,2206696,29.2
802,2206704,15.4
803,2206720,14.3
804,2206753,15.7
805,2206803,28.7
806,2206902,26.3
807,2206951,16.4
808,2207009,6.5
809,2207108,7.4
810,2207207,0.2
811,2207306,21.7
812,2207355,2.6
813,2207405,28.3
814,2207504,22.6
815,2207553,30.4
816,2207603,28.4
817,2207702,25.2
818,2207751,21.4
819,2207777,14.1
820,2207793,23.7
821,2207801,18.4
822,2207850,21.5
823,2207900,16.7
824,2207934,16.6
825,2207959,15
826,2208007,17
827,2208106,18.7
828,2208205,6.5
829,2208304,5.7
830,2208403,12.6
831,2208502,14.7
832,2208551,12.8
833,2208601,18.4
834,2208650,15.2
835,2208700,25.5
836,2208809,15.7
837,2208858,25.9
838,2208874,12.2
839,2208908,9.8
840,2209005,23.1
841,2209104,10.7
842,2209153,12.3
843,2209203,16.6
844,2209302,21.5
845,2209351,8.9
846,2209377,9.4
847,2209401,18.9
848,2209450,13.4
849,2209500,9.7
850,2209559,13.7
851,2209609,12.6
852,2209658,21.4
853,2209708,13.9
854,2209757,22.7
855,2209807,14.2
856,2209856,9
857,2209872,13.6
858,2209906,8.8
859,2209955,17.8
860,2209971,8.7
861,2210003,13.2
862,2210052,4.4
863,2210102,15.5
864,2210201,13.9
865,2210300,14.4
866,2210359,13.7
867,2210375,7.9
868,2210383,18.2
869,2210391,25.2
870,2210409,1.2
871,2210508,13
872,2210607,11.5
873,2210623,33.5
874,2210631,18.9
875,2210656,10.6
876,2210706,8.5
877,2210805,6.1
878,2210904,16.1
879,2210938,23.4
880,2210953,15.9
881,2210979,19.2
882,2211001,9.1
883,2211100,18.7
884,2211209,18.8
885,2211308,17.6
886,2211357,26.2
887,2211407,11.2
888,2211506,21.5
889,2211605,9.4
890,2211704,17.1
891,2300101,3.2
892,2300150,3.4
893,2300200,3.1
894,2300309,2.4
895,2300408,4.6
896,2300507,2.7
897,2300606,0.4
898,2300705,2.9
899,2300754,8
900,2300804,4.1
901,2300903,4.5
902,2301000,6.1
903,2301109,4.5
904,2301208,2.9
905,2301257,5.8
906,2301307,9
907,2301406,2.7
908,2301505,4.8
909,2301604,4.7
910,2301703,10.6
911,2301802,4.3
912,2301851,8.7
913,2301901,3.8
914,2301950,4
915,2302008,8.3
916,2302057,3.1
917,2302107,9.6
918,2302206,9
919,2302305,2.5
920,2302404,12
921,2302503,4.5
922,2302602,2.3
923,2302701,5.4
924,2302800,9.6
925,2302909,4.1
926,2303006,7.8
927,2303105,1
928,2303204,3.7
929,2303303,3.4
930,2303402,5
931,2303501,3
932,2303600,2.1
933,2303659,1.7
934,2303709,11.4
935,2303808,5.8
936,2303907,8.5
937,2303931,4.8
938,2303956,6.7
939,2304004,1.2
940,2304103,4.4
941,2304202,5
942,2304236,5.5
943,2304251,2.2
944,2304269,1.9
945,2304277,3.6
946,2304285,1.4
947,2304301,1.8
948,2304350,0.5
949,2304400,9.6
950,2304459,4.4
951,2304509,3.8
952,2304608,4.3
953,2304657,4.9
954,2304707,3.9
955,2304806,6.1
956,2304905,1.7
957,2304954,8.1
958,2305001,4
959,2305100,3.2
960,2305209,3.4
961,2305233,4.2
962,2305266,8.4
963,2305308,5.2
964,2305332,4.1
965,2305357,7.2
966,2305407,8.7
967,2305506,4
968,2305605,2.9
969,2305654,2.6
970,2305704,11.3
971,2305803,11.1
972,2305902,14.1
973,2306009,1.8
974,2306108,1.5
975,2306207,2.2
976,2306256,7.3
977,2306306,3.4
978,2306405,3.5
979,2306504,3.5
980,2306553,4.9
981,2306603,6.1
982,2306702,6.7
983,2306801,2.3
984,2306900,1.7
985,2307007,2.3
986,2307106,6.5
987,2307205,2.7
988,2307254,2.8
989,2307304,9.2
990,2307403,1.4
991,2307502,13.1
992,2307601,4.2
993,2307635,10
994,2307650,6.6
995,2307700,5.2
996,2307809,2.1
997,2307908,4
998,2308005,1.9
999,2308104,5.5
1000,2308203,0.9
1001,2308302,5.4
1002,2308351,3.7
1003,2308377,4.2
1004,2308401,6.9
1005,2308500,8.6
1006,2308609,13.1
1007,2308708,5.9
1008,2308807,5.9
1009,2308906,2.4
1010,2309003,1.6
1011,2309102,4
1012,2309201,2.3
1013,2309300,4.8
1014,2309409,1.4
1015,2309458,3
1016,2309508,7.2
1017,2309607,5.9
1018,2309706,6.4
1019,2309805,6
1020,2309904,3.1
1021,2310001,3.2
1022,2310100,3
1023,2310209,2.1
1024,2310258,2.7
1025,2310308,3.8
1026,2310407,15.9
1027,2310506,3
1028,2310605,5
1029,2310704,3.8
1030,2310803,5.2
1031,2310852,3.8
1032,2310902,2.5
1033,2310951,0.6
1034,2311009,5.5
1035,2311108,1.5
1036,2311207,8.3
1037,2311231,1.9
1038,2311264,2.4
1039,2311306,4.6
1040,2311355,8.1
1041,2311405,5.1
1042,2311504,4
1043,2311603,2.2
1044,2311702,4.5
1045,2311801,3.9
1046,2311900,4.2
1047,2311959,7.4
1048,2312007,7.4
1049,2312106,5.1
1050,2312205,1.7
1051,2312304,7
1052,2312403,3.2
1053,2312502,3
1054,2312601,7.6
1055,2312700,4.3
1056,2312809,1.7
1057,2312908,3.1
1058,2313005,2
1059,2313104,4.1
1060,2313203,6.7
1061,2313252,3.5
1062,2313302,3.7
1063,2313351,4.3
1064,2313401,2.7
1065,2313500,3.4
1066,2313559,3
1067,2313609,3
1068,2313708,6.8
1069,2313757,4.5
1070,2313807,1.8
1071,2313906,2.5
1072,2313955,4
1073,2314003,3.6
1074,2314102,5.3
1075,2400109,5.9
1076,2400208,16.7
1077,2400307,19.6
1078,2400406,10.8
1079,2400505,18.4
1080,2400604,25.6
1081,2400703,7.6
1082,2400802,18.7
1083,2400901,31.1
1084,2401008,15.6
1085,2401107,19.3
1086,2401206,24.2
1087,2401305,23.7
1088,2401404,19.1
1089,2401453,27.4
1090,2401503,21.8
1091,2401602,30
1092,2401651,24.3
1093,2401701,27.7
1094,2401800,10.1
1095,2401859,31.9
1096,2401909,19.6
1097,2402006,12
1098,2402105,11.4
1099,2402204,23.9
1100,2402303,16.9
1101,2402402,5.4
1102,2402501,21.2
1103,2402600,27.1
1104,2402709,14.9
1105,2402808,23.7
1106,2402907,27.4
1107,2403004,6.2
1108,2403103,10.1
1109,2403202,11.6
1110,2403251,17.4
1111,2403301,19.3
1112,2403400,14.6
1113,2403509,25.8
1114,2403608,25.1
1115,2403707,12.4
1116,2403756,26.7
1117,2403806,11.2
1118,2403905,19.8
1119,2404002,20.3
1120,2404101,16.8
1121,2404200,24.4
1122,2404309,21.4
1123,2404408,20.3
1124,2404507,17.5
1125,2404606,25
1126,2404705,24
1127,2404804,15.7
1128,2404853,12
1129,2404903,13
1130,2405009,16.2
1131,2405108,11.9
1132,2405207,17.1
1133,2405306,27.3
1134,2405405,19.6
1135,2405504,21.8
1136,2405603,17.9
1137,2405702,11.6
1138,2405801,13.3
1139,2405900,28.7
1140,2406007,15.5
1141,2406106,17.5
1142,2406155,24.9
1143,2406205,17.8
1144,2406304,17.8
1145,2406403,33.3
1146,2406502,21.5
1147,2406601,22.7
1148,2406700,11.4
1149,2406809,19.1
1150,2406908,14.6
1151,2407005,24
1152,2407104,21.5
1153,2407203,19.8
1154,2407252,30.1
1155,2407302,19.8
1156,2407401,19.3
1157,2407500,22.3
1158,2407609,21.3
1159,2407708,21
1160,2407807,20.6
1161,2407906,28.1
1162,2408003,16
1163,2408102,18.6
1164,2408201,23.6
1165,2408300,19.7
1166,2408409,26.8
1167,2408508,8.7
1168,2408607,19.6
1169,2408706,32.3
1170,2408805,30.2
1171,2408904,16
1172,2408953,27.3
1173,2409100,13.1
1174,2409209,21
1175,2409308,21.7
1176,2409332,22.1
1177,2409407,11.3
1178,2409506,28.3
1179,2409605,24.6
1180,2409704,27
1181,2409803,22
1182,2409902,14.4
1183,2410009,19.8
1184,2410108,23.6
1185,2410207,23.4
1186,2410256,18.9
1187,2410306,25.3
1188,2410405,23.3
1189,2410504,24.6
1190,2410603,19.4
1191,2410702,8.6
1192,2410801,21.5
1193,2410900,18.4
1194,2411007,17
1195,2411056,19.4
1196,2411106,3.8
1197,2411205,12.7
1198,2411403,24.5
1199,2411429,9
1200,2411502,21.7
1201,2411601,23.4
1202,2411700,17.3
1203,2411809,16.7
1204,2411908,16.3
1205,2412005,21.8
1206,2412104,7.7
1207,2412203,23.6
1208,2412302,17.4
1209,2412401,5.3
1210,2412500,14.1
1211,2412559,26
1212,2412609,14.7
1213,2412708,26.6
1214,2412807,26
1215,2412906,24.2
1216,2413003,18.6
1217,2413102,24.8
1218,2413201,26.6
1219,2413300,19.6
1220,2413359,21.9
1221,2413409,16.3
1222,2413508,11.8
1223,2413557,18.7
1224,2413607,14.4
1225,2413706,11.5
1226,2413805,15.3
1227,2413904,20.6
1228,2414001,18.2
1229,2414100,12.8
1230,2414159,10.5
1231,2414209,24.1
1232,2414308,22
1233,2414407,24.6
1234,2414456,27.5
1235,2414506,16.9
1236,2414605,18.3
1237,2414704,23.9
1238,2414753,19
1239,2414803,16.6
1240,2414902,12
1241,2415008,34.5
1242,2500106,5.3
1243,2500205,9.9
1244,2500304,35.2
1245,2500403,18.8
1246,2500502,14.2
1247,2500536,17.3
1248,2500577,16.9
1249,2500601,20.3
1250,2500700,18.2
1251,2500734,11.7
1252,2500775,19.1
1253,2500809,20.9
1254,2500908,18.5
1255,2501005,16.3
1256,2501104,15.4
1257,2501153,12.6
1258,2501203,9.3
1259,2501302,16.7
1260,2501351,20.2
1261,2501401,22.3
1262,2501500,16
1263,2501534,10.1
1264,2501575,12.8
1265,2501609,19.3
1266,2501708,5
1267,2501807,25.4
1268,2501906,11.7
1269,2502003,19
1270,2502052,12.4
1271,2502102,13.8
1272,2502151,17.2
1273,2502201,14.4
1274,2502300,10.1
1275,2502409,20.7
1276,2502508,23.5
1277,2502607,14.5
1278,2502706,16.6
1279,2502805,9.9
1280,2502904,15.3
1281,2503001,18.3
1282,2503100,10.4
1283,2503209,19.1
1284,2503308,18.3
1285,2503407,16.7
1286,2503506,16.6
1287,2503555,21.6
1288,2503605,24.2
1289,2503704,13.7
1290,2503753,26.7
1291,2503803,22.4
1292,2503902,7.9
1293,2504009,16.4
1294,2504033,15.3
1295,2504074,18
1296,2504108,12.7
1297,2504157,15.6
1298,2504207,18
1299,2504306,14.4
1300,2504355,20
1301,2504405,13.9
1302,2504504,19.1
1303,2504603,18.3
1304,2504702,17.3
1305,2504801,21.8
1306,2504850,6.4
1307,2504900,25.3
1308,2505006,6.6
1309,2505105,10.2
1310,2505204,18.2
1311,2505238,20.9
1312,2505279,10.2
1313,2505303,16.2
1314,2505352,17
1315,2505402,15.5
1316,2505501,13.2
1317,2505600,17.8
1318,2505709,3.7
1319,2505808,16.7
1320,2505907,17.9
1321,2506004,5.6
1322,2506103,25.3
1323,2506202,7.2
1324,2506251,14
1325,2506301,15.1
1326,2506400,10
1327,2506509,9.5
1328,2506608,15
1329,2506707,18.8
1330,2506806,16.7
1331,2506905,13.9
1332,2507002,15
1333,2507101,18.8
1334,2507200,14.5
1335,2507309,21.5
1336,2507408,32.3
1337,2507507,16.4
1338,2507606,22.6
1339,2507705,18.4
1340,2507804,13.8
1341,2507903,12.9
1342,2508000,11.9
1343,2508109,18.1
1344,2508208,23.9
1345,2508307,12.5
1346,2508406,10.8
1347,2508505,16.6
1348,2508554,18.5
1349,2508604,22.6
1350,2508703,8.9
1351,2508802,12.7
1352,2508901,17.1
1353,2509008,12.3
1354,2509057,31.9
1355,2509107,16
1356,2509156,23.3
1357,2509206,12.4
1358,2509305,15.2
1359,2509339,16.9
1360,2509370,27.8
1361,2509396,20.3
1362,2509404,14.9
1363,2509503,15.4
1364,2509602,13.8
1365,2509701,5.5
1366,2509800,18.9
1367,2509909,10
1368,2510006,14.4
1369,2510105,16
1370,2510204,12.7
1371,2510303,10.7
1372,2510402,11.8
1373,2510501,18.9
1374,2510600,10.5
1375,2510659,16.1
1376,2510709,14.8
1377,2510808,12.7
1378,2510907,10.6
1379,2511004,11.3
1380,2511103,12.2
1381,2511202,15.1
1382,2511301,19.4
1383,2511400,8.5
1384,2511509,14.4
1385,2511608,19.7
1386,2511707,15
1387,2511806,19.6
1388,2511905,12.6
1389,2512002,18.5
1390,2512036,24.5
1391,2512077,22.7
1392,2512101,7.5
1393,2512200,15.3
1394,2512309,6.4
1395,2512408,12
1396,2512507,9.4
1397,2512606,8.1
1398,2512705,13.6
1399,2512721,32.9
1400,2512747,7.4
1401,2512754,10.6
1402,2512762,18.2
1403,2512788,23.8
1404,2512804,20.3
1405,2512903,25.8
1406,2513000,18.3
1407,2513109,18.8
1408,2513158,20.9
1409,2513208,10.5
1410,2513307,8.7
1411,2513356,14.4
1412,2513406,6.7
1413,2513505,15.9
1414,2513604,12.2
1415,2513653,12.3
1416,2513703,26.5
1417,2513802,9.9
1418,2513851,8.6
1419,2513901,20.5
1420,2513927,13.2
1421,2513943,9.5
1422,2513968,23.6
1423,2513984,9.2
1424,2514008,12.5
1425,2514107,15
1426,2514206,30.2
1427,2514305,16.1
1428,2514404,12.5
1429,2514453,19.4
1430,2514503,14.9
1431,2514552,10.4
1432,2514602,17.7
1433,2514651,19.8
1434,2514701,3.9
1435,2514800,17.1
1436,2514909,18.3
1437,2515005,26
1438,2515104,24.7
1439,2515203,6.6
1440,2515302,16.3
1441,2515401,12.3
1442,2515500,17
1443,2515609,14
1444,2515708,10.8
1445,2515807,22.3
1446,2515906,27.6
1447,2515930,18.2
1448,2515971,18.4
1449,2516003,20
1450,2516102,14.9
1451,2516151,17.7
1452,2516201,14.2
1453,2516300,9.5
1454,2516409,14.7
1455,2516508,17.3
1456,2516607,13.3
1457,2516706,14.8
1458,2516755,14.5
1459,2516805,15.5
1460,2516904,24.1
1461,2517001,9.9
1462,2517100,5.4
1463,2517209,10.5
1464,2517407,6.6
1465,2600054,16.1
1466,2600104,10.1
1467,2600203,6.1
1468,2600302,14.7
1469,2600401,15.9
1470,2600500,18.3
1471,2600609,25.3
1472,2600708,20.7
1473,2600807,17.8
1474,2600906,15.9
1475,2601003,15.2
1476,2601052,9.8
1477,2601102,12.9
1478,2601201,11.8
1479,2601300,17.3
1480,2601409,16.3
1481,2601508,7.2
1482,2601607,11.7
1483,2601706,21.5
1484,2601805,9.8
1485,2601904,13.5
1486,2602001,20.4
1487,2602100,16.8
1488,2602209,8.3
1489,2602308,7.6
1490,2602407,13.9
1491,2602506,8.6
1492,2602605,14.7
1493,2602704,16.6
1494,2602803,15
1495,2602902,11.8
1496,2603009,5.8
1497,2603108,9.8
1498,2603207,10.2
1499,2603306,10.7
1500,2603405,9.2
1501,2603454,15.3
1502,2603504,14.9
1503,2603603,14.9
1504,2603702,16.1
1505,2603801,11.3
1506,2603900,4.6
1507,2603926,29.2
1508,2604007,12.5
1509,2604106,19
1510,2604155,11.2
1511,2604205,19.4
1512,2604304,13
1513,2604403,12.1
1514,2604502,30.8
1515,2604601,17.1
1516,2604700,20.3
1517,2604809,17
1518,2604908,18.5
1519,2605004,12.8
1520,2605103,5.1
1521,2605152,5.5
1522,2605202,12.1
1523,2605301,10.5
1524,2605400,12
1525,2605459,8
1526,2605509,17.8
1527,2605608,7.7
1528,2605707,16.3
1529,2605806,27.7
1530,2605905,17.3
1531,2606002,17
1532,2606101,10
1533,2606200,19.8
1534,2606309,12.3
1535,2606408,19.9
1536,2606507,16
1537,2606606,17.5
1538,2606705,14
1539,2606804,14.3
1540,2606903,7.5
1541,2607000,18
1542,2607109,8.1
1543,2607208,10.2
1544,2607307,11.5
1545,2607406,16.2
1546,2607505,20.9
1547,2607604,15.3
1548,2607653,16.7
1549,2607703,10.5
1550,2607752,12.2
1551,2607802,21.8
1552,2607901,13.6
1553,2607950,19.2
1554,2608008,16.9
1555,2608057,14.5
1556,2608107,10.6
1557,2608206,21.5
1558,2608255,10.4
1559,2608305,10.6
1560,2608404,11
1561,2608453,11.3
1562,2608503,12.6
1563,2608602,14
1564,2608701,12.2
1565,2608750,9.2
1566,2608800,13.4
1567,2608909,12.8
1568,2609006,15.1
1569,2609105,8.5
1570,2609154,13.3
1571,2609204,15.2
1572,2609303,13.3
1573,2609402,16.6
1574,2609501,13.2
1575,2609600,18.5
1576,2609709,6.9
1577,2609808,10.1
1578,2609907,16.6
1579,2610004,16.7
1580,2610103,21.2
1581,2610202,9.7
1582,2610301,10.3
1583,2610400,7.8
1584,2610509,10.3
1585,2610608,14.2
1586,2610707,16.9
1587,2610806,12.7
1588,2610905,17.8
1589,2611002,10
1590,2611101,9.6
1591,2611200,13
1592,2611309,25.5
1593,2611408,14.4
1594,2611507,13.1
1595,2611533,6.2
1596,2611606,14.4
1597,2611705,12.4
1598,2611804,15.4
1599,2611903,8.7
1600,2612000,15.1
1601,2612109,14
1602,2612208,10.9
1603,2612307,12.9
1604,2612406,14.4
1605,2612455,13.7
1606,2612471,9.7
1607,2612505,17.3
1608,2612554,9.8
1609,2612604,12.4
1610,2612703,15.8
1611,2612802,13.1
1612,2612901,16.3
1613,2613008,11
1614,2613107,14.8
1615,2613206,9.6
1616,2613305,10.7
1617,2613404,16.7
1618,2613503,6.1
1619,2613602,7.3
1620,2613701,16.8
1621,2613800,16.5
1622,2613909,9.5
1623,2614006,13.2
1624,2614105,10.6
1625,2614204,14.8
1626,2614303,12.4
1627,2614402,7.1
1628,2614501,14.7
1629,2614600,6.2
1630,2614709,19.4
1631,2614808,11.5
1632,2614857,16
1633,2615003,14
1634,2615102,16.9
1635,2615201,7.7
1636,2615300,13.4
1637,2615409,17.2
1638,2615508,12
1639,2615607,9.7
1640,2615706,3.4
1641,2615805,21
1642,2615904,8.5
1643,2616001,11.3
1644,2616100,12.4
1645,2616183,15.5
1646,2616209,22
1647,2616308,13.7
1648,2616407,19
1649,2616506,10.5
1650,2700102,20.6
1651,2700201,14.4
1652,2700300,13.4
1653,2700409,11.7
1654,2700508,16.8
1655,2700607,16.3
1656,2700706,12
1657,2700805,8.8
1658,2700904,6.7
1659,2701001,9.2
1660,2701100,9.8
1661,2701209,5.5
1662,2701308,21.3
1663,2701357,18.1
1664,2701407,8.1
1665,2701506,24.3
1666,2701605,10.3
1667,2701704,18.5
1668,2701803,20.3
1669,2701902,13.6
1670,2702009,7.4
1671,2702108,12.2
1672,2702207,17.7
1673,2702306,6
1674,2702355,16.4
1675,2702405,19.2
1676,2702504,14.9
1677,2702553,10.4
1678,2702603,12.4
1679,2702702,7.6
1680,2702801,15
1681,2702900,13.9
1682,2703007,13.4
1683,2703106,8.7
1684,2703205,11
1685,2703304,14.1
1686,2703403,2.3
1687,2703502,8.7
1688,2703601,18.9
1689,2703700,20.9
1690,2703759,8.7
1691,2703809,16.8
1692,2703908,9.4
1693,2704005,7.1
1694,2704104,12.5
1695,2704203,8.2
1696,2704302,18.5
1697,2704401,6.3
1698,2704500,17.5
1699,2704609,9.9
1700,2704708,16.1
1701,2704807,10.2
1702,2704906,12.3
1703,2705002,10.1
1704,2705101,10.3
1705,2705200,10.3
1706,2705309,7.1
1707,2705408,11.6
1708,2705507,12.5
1709,2705606,18.9
1710,2705705,17.2
1711,2705804,18.7
1712,2705903,27.7
1713,2706000,10.2
1714,2706109,12
1715,2706208,6.3
1716,2706307,8.7
1717,2706406,3.6
1718,2706422,11.4
1719,2706448,21.2
1720,2706505,14.5
1721,2706604,13.4
1722,2706703,9.2
1723,2706802,7.3
1724,2706901,14
1725,2707008,12.1
1726,2707107,12.6
1727,2707206,13
1728,2707305,12.4
1729,2707404,17.7
1730,2707503,18.7
1731,2707602,18.6
1732,2707701,18.2
1733,2707800,14.2
1734,2707909,14.5
1735,2708006,15.1
1736,2708105,10.1
1737,2708204,13.4
1738,2708303,6.7
1739,2708402,13.8
1740,2708501,10.6
1741,2708600,11.6
1742,2708709,10.8
1743,2708808,15.7
1744,2708907,14.8
1745,2708956,19.4
1746,2709004,6.4
1747,2709103,10
1748,2709152,7.1
1749,2709202,19.4
1750,2709301,7.8
1751,2709400,13.4
1752,2800100,15.8
1753,2800209,16.1
1754,2800308,14.3
1755,2800407,12.9
1756,2800506,28.8
1757,2800605,20.3
1758,2800670,20.7
1759,2800704,18.1
1760,2801009,19.8
1761,2801108,24.4
1762,2801207,26.5
1763,2801306,16.4
1764,2801405,25.4
1765,2801504,19.2
1766,2801603,20.2
1767,2801702,14.5
1768,2801900,18.5
1769,2802007,19.5
1770,2802106,20.8
1771,2802205,22.9
1772,2802304,28.3
1773,2802403,22.3
1774,2802502,8.6
1775,2802601,19.4
1776,2802700,18.4
1777,2802809,23.5
1778,2802908,18.9
1779,2803005,13.2
1780,2803104,18.5
1781,2803203,21.6
1782,2803302,14.9
1783,2803401,26.3
1784,2803500,17
1785,2803609,18.4
1786,2803708,20.1
1787,2803807,17.6
1788,2803906,25.4
1789,2804003,22.5
1790,2804102,20.3
1791,2804201,27.9
1792,2804300,15.3
1793,2804409,14.5
1794,2804458,19.3
1795,2804508,19.6
1796,2804607,18.2
1797,2804706,11
1798,2804805,17.8
1799,2804904,19
1800,2805000,24.4
1801,2805109,21.2
1802,2805208,24.4
1803,2805307,23.8
1804,2805406,24.7
1805,2805505,12.5
1806,2805604,19.3
1807,2805703,11.4
1808,2805802,26.1
1809,2805901,23.1
1810,2806008,17.3
1811,2806107,22.6
1812,2806206,18.5
1813,2806305,25.1
1814,2806404,17.8
1815,2806503,22.4
1816,2806602,23.1
1817,2806701,14.6
1818,2806800,18.5
1819,2806909,19.6
1820,2807006,25.2
1821,2807105,20
1822,2807204,21.4
1823,2807303,13.8
1824,2807402,20.1
1825,2807501,16.6
1826,2807600,22
1827,2900108,16.1
1828,2900207,11.5
1829,2900306,20.9
1830,2900355,31.3
1831,2900405,31.2
1832,2900504,19.5
1833,2900603,26.3
1834,2900702,25.6
1835,2900801,30.9
1836,2900900,29.1
1837,2901007,13.8
1838,2901106,20.4
1839,2901155,8.4
1840,2901205,24
1841,2901304,13.4
1842,2901353,28.3
1843,2901403,17.4
1844,2901502,14.2
1845,2901601,25.8
1846,2901700,30.3
1847,2901809,16.3
1848,2901908,34.2
1849,2901957,24.8
1850,2902005,28.8
1851,2902054,17
1852,2902104,29.1
1853,2902203,17.7
1854,2902252,32.4
1855,2902302,30.5
1856,2902401,28.2
1857,2902500,17.2
1858,2902609,26.1
1859,2902658,20.8
1860,2902708,19.7
1861,2902807,15.9
1862,2902906,25.9
1863,2903003,6
1864,2903102,31.4
1865,2903201,24.6
1866,2903235,10.9
1867,2903276,20
1868,2903300,19.7
1869,2903409,27.6
1870,2903508,19.7
1871,2903607,30.9
1872,2903706,12.7
1873,2903805,18.3
1874,2903904,14
1875,2903953,27.6
1876,2904001,8.6
1877,2904050,13.8
1878,2904100,8.5
1879,2904209,18.3
1880,2904308,15.1
1881,2904407,14.2
1882,2904506,20.6
1883,2904605,13.2
1884,2904704,26.8
1885,2904753,11.4
1886,2904803,21.9
1887,2904852,15.8
1888,2904902,26.6
1889,2905008,9.9
1890,2905107,17.9
1891,2905156,16
1892,2905206,23.7
1893,2905305,11.3
1894,2905404,33.2
1895,2905503,11.6
1896,2905602,25.7
1897,2905701,18.1
1898,2905800,25.7
1899,2905909,23.2
1900,2906006,19.6
1901,2906105,11.5
1902,2906204,5.6
1903,2906303,30.2
1904,2906402,18.8
1905,2906501,25.5
1906,2906600,16.1
1907,2906709,25.7
1908,2906808,32.3
1909,2906824,23.7
1910,2906857,21.3
1911,2906873,18
1912,2906899,20.4
1913,2906907,20.2
1914,2907004,21.7
1915,2907103,12
1916,2907202,28.1
1917,2907301,8.2
1918,2907400,13.1
1919,2907509,13.7
1920,2907558,22.5
1921,2907608,18.5
1922,2907707,13.7
1923,2907806,1.7
1924,2907905,30.1
1925,2908002,26.5
1926,2908101,14.3
1927,2908200,21.3
1928,2908309,17.3
1929,2908408,17.9
1930,2908507,24
1931,2908606,28.1
1932,2908705,17.3
1933,2908804,28.6
1934,2908903,32.2
1935,2909000,10.2
1936,2909109,6.4
1937,2909208,23.7
1938,2909307,15.7
1939,2909406,15.5
1940,2909505,16.7
1941,2909604,20.6
1942,2909703,18.5
1943,2909802,19.8
1944,2909901,20.3
1945,2910008,29
1946,2910057,18.4
1947,2910107,21.8
1948,2910206,5.5
1949,2910305,16.4
1950,2910404,28.8
1951,2910503,30.4
1952,2910602,27.2
1953,2910701,28.2
1954,2910727,27.3
1955,2910750,20.2
1956,2910776,9.9
1957,2910800,26.7
1958,2910859,18.1
1959,2910909,24.3
1960,2911006,18.9
1961,2911105,13.6
1962,2911204,18.2
1963,2911253,15.5
1964,2911303,8.9
1965,2911402,18.1
1966,2911501,23.6
1967,2911600,18.6
1968,2911659,21.4
1969,2911709,18.5
1970,2911808,25
1971,2911857,22.4
1972,2911907,18.6
1973,2912004,16.3
1974,2912103,19
1975,2912202,20.4
1976,2912301,31
1977,2912400,13.1
1978,2912509,8.6
1979,2912608,15.7
1980,2912707,29.3
1981,2912806,22
1982,2912905,30.4
1983,2913002,8.7
1984,2913101,12.2
1985,2913200,13.2
1986,2913309,14.2
1987,2913408,16.1
1988,2913457,24.3
1989,2913507,21.7
1990,2913606,25.6
1991,2913705,27.7
1992,2913804,24.8
1993,2913903,21.5
1994,2914000,26
1995,2914109,20.4
1996,2914208,24.1
1997,2914307,22.3
1998,2914406,5.3
1999,2914505,26
2000,2914604,4.4
2001,2914653,31.1
2002,2914703,16.7
2003,2914802,22.4
2004,2914901,26
2005,2915007,7.5
2006,2915106,26.7
2007,2915205,20.7
2008,2915304,33.7
2009,2915353,15.8
2010,2915403,30.9
2011,2915502,32.6
2012,2915601,14.6
2013,2915700,29.9
2014,2915809,30.7
2015,2915908,22.6
2016,2916005,24
2017,2916104,21.7
2018,2916203,22.1
2019,2916302,35.2
2020,2916401,26.1
2021,2916500,29.3
2022,2916609,36
2023,2916708,18.9
2024,2916807,19.8
2025,2916856,8.7
2026,2916906,8.9
2027,2917003,26.4
2028,2917102,20
2029,2917201,15.9
2030,2917300,23.1
2031,2917334,15.5
2032,2917359,3.8
2033,2917409,6.7
2034,2917508,18.7
2035,2917607,17.4
2036,2917706,18.7
2037,2917805,28.9
2038,2917904,19.1
2039,2918001,20.3
2040,2918100,23.2
2041,2918209,23.4
2042,2918308,21
2043,2918357,9.2
2044,2918407,15
2045,2918456,18.6
2046,2918506,15
2047,2918555,28.8
2048,2918605,6.4
2049,2918704,7.6
2050,2918753,21.3
2051,2918803,18.1
2052,2918902,21.9
2053,2919009,21.5
2054,2919058,11.4
2055,2919108,30.7
2056,2919157,5.8
2057,2919207,20.3
2058,2919306,23
2059,2919405,2.9
2060,2919504,14.4
2061,2919553,14.6
2062,2919603,27.3
2063,2919702,23.5
2064,2919801,11.7
2065,2919900,11.8
2066,2919926,20.1
2067,2919959,24.9
2068,2920007,27.2
2069,2920106,19.9
2070,2920205,9.7
2071,2920304,15.5
2072,2920403,28.9
2073,2920452,15.3
2074,2920502,11.2
2075,2920601,22.3
2076,2920700,30.1
2077,2920809,17
2078,2920908,14.7
2079,2921005,14.3
2080,2921054,13.8
2081,2921104,28.4
2082,2921203,23.9
2083,2921302,19.8
2084,2921401,24.9
2085,2921450,19.2
2086,2921500,29.3
2087,2921609,12.3
2088,2921708,14.7
2089,2921807,7.3
2090,2921906,14
2091,2922003,17.9
2092,2922052,18.8
2093,2922102,8.6
2094,2922201,14.5
2095,2922250,24.3
2096,2922300,20
2097,2922409,14.5
2098,2922508,17.9
2099,2922607,28.4
2100,2922656,26.5
2101,2922706,31
2102,2922730,21.6
2103,2922755,22.2
2104,2922805,15.1
2105,2922854,12.4
2106,2922904,17.9
2107,2923001,14.8
2108,2923035,3.1
2109,2923050,10.6
2110,2923100,12.5
2111,2923209,13.7
2112,2923308,25.3
2113,2923357,22.7
2114,2923407,21.6
2115,2923506,18.2
2116,2923605,16.7
2117,2923704,22.1
2118,2923803,22.5
2119,2923902,27.9
2120,2924009,21.8
2121,2924058,21.1
2122,2924108,27.5
2123,2924207,25.5
2124,2924306,7.3
2125,2924405,36.2
2126,2924504,14.3
2127,2924603,16.1
2128,2924652,11.7
2129,2924678,28.5
2130,2924702,16.8
2131,2924801,20.3
2132,2924900,4.8
2133,2925006,21.1
2134,2925105,23.1
2135,2925204,15.3
2136,2925253,25.7
2137,2925303,25.7
2138,2925402,22.5
2139,2925501,27
2140,2925600,10.8
2141,2925709,22.6
2142,2925758,18.4
2143,2925808,20.9
2144,2925907,25.9
2145,2925931,13.7
2146,2925956,14.6
2147,2926004,26.6
2148,2926103,10.1
2149,2926202,24.7
2150,2926301,21.1
2151,2926400,7.3
2152,2926509,26.9
2153,2926608,13.7
2154,2926657,32.8
2155,2926707,14.2
2156,2926806,17.7
2157,2926905,17.1
2158,2927002,17.8
2159,2927101,19.3
2160,2927200,17.6
2161,2927309,22.8
2162,2927408,22.9
2163,2927507,27.2
2164,2927606,31
2165,2927705,24.3
2166,2927804,21
2167,2927903,7.3
2168,2928000,13.5
2169,2928059,18.9
2170,2928109,7.3
2171,2928208,7.3
2172,2928307,29.4
2173,2928406,15.9
2174,2928505,15.2
2175,2928604,22.3
2176,2928703,18
2177,2928802,22
2178,2928901,17.3
2179,2928950,15.4
2180,2929008,19.7
2181,2929057,7.1
2182,2929107,10.4
2183,2929206,21.9
2184,2929255,13.4
2185,2929305,28.5
2186,2929354,28.1
2187,2929370,20.1
2188,2929404,16.8
2189,2929503,21.2
2190,2929602,19.7
2191,2929701,40.4
2192,2929750,12.8
2193,2929800,23
2194,2929909,7.1
2195,2930006,11.9
2196,2930105,20.4
2197,2930154,8.9
2198,2930204,18.2
2199,2930303,9.1
2200,2930402,19.1
2201,2930501,30.3
2202,2930600,14
2203,2930709,27.3
2204,2930758,10.9
2205,2930766,33.5
2206,2930774,12.9
2207,2930808,2.8
2208,2930907,5.5
2209,2931004,20.4
2210,2931053,15.7
2211,2931103,30.7
2212,2931202,23.9
2213,2931301,9.8
2214,2931350,20.1
2215,2931400,23.2
2216,2931509,28.6
2217,2931608,29.1
2218,2931707,28.2
2219,2931806,20.1
2220,2931905,26
2221,2932002,15.1
2222,2932101,22.9
2223,2932200,24.6
2224,2932309,26.8
2225,2932408,11
2226,2932457,24
2227,2932507,26
2228,2932606,9.9
2229,2932705,27.3
2230,2932804,14.1
2231,2932903,32.2
2232,2933000,13.5
2233,2933059,32.8
2234,2933109,20.8
2235,2933158,22.2
2236,2933174,11.3
2237,2933208,23.8
2238,2933257,18.7
2239,2933307,19.7
2240,2933406,6.2
2241,2933455,15.7
2242,2933505,29.1
2243,2933604,17.1
2244,3100104,6.1
2245,3100203,7.2
2246,3100302,9.3
2247,3100401,6.1
2248,3100500,6.4
2249,3100609,5.3
2250,3100708,12.6
2251,3100807,3.9
2252,3100906,5.5
2253,3101003,4.5
2254,3101102,6.8
2255,3101201,14.5
2256,3101300,17.8
2257,3101409,2.9
2258,3101508,8.2
2259,3101607,5.6
2260,3101631,5.7
2261,3101706,13.1
2262,3101805,9.7
2263,3101904,2.3
2264,3102001,2.2
2265,3102050,14.3
2266,3102100,10.8
2267,3102209,7.8
2268,3102308,3.8
2269,3102407,6.4
2270,3102506,15.9
2271,3102605,3.7
2272,3102704,3.7
2273,3102803,9.7
2274,3102852,3
2275,3102902,2.2
2276,3103009,6.1
2277,3103108,5.8
2278,3103207,4.3
2279,3103306,13.8
2280,3103405,4.7
2281,3103504,6.1
2282,3103603,9.7
2283,3103702,7.4
2284,3103751,17.2
2285,3103801,3.1
2286,3103900,2.2
2287,3104007,9.1
2288,3104106,8.6
2289,3104205,2.6
2290,3104304,4.3
2291,3104403,13.9
2292,3104452,1.9
2293,3104502,4.8
2294,3104601,6.6
2295,3104700,9.3
2296,3104809,9.6
2297,3104908,7
2298,3105004,3.8
2299,3105103,2.8
2300,3105202,9.1
2301,3105301,6.1
2302,3105400,10.4
2303,3105509,7.4
2304,3105608,8.3
2305,3105707,12.7
2306,3105905,8.1
2307,3106002,2.9
2308,3106101,19.3
2309,3106200,6.9
2310,3106309,5.3
2311,3106408,7.2
2312,3106507,1.1
2313,3106606,28.8
2314,3106655,4
2315,3106705,7.8
2316,3106804,5.8
2317,3106903,14.7
2318,3107000,9.4
2319,3107109,4.7
2320,3107208,12
2321,3107307,3.1
2322,3107406,3.7
2323,3107505,11.5
2324,3107604,2.5
2325,3107703,8.7
2326,3107802,5.9
2327,3107901,8
2328,3108008,4.5
2329,3108107,15.4
2330,3108206,3.4
2331,3108255,7.4
2332,3108305,7.1
2333,3108404,5
2334,3108503,3.1
2335,3108552,7.7
2336,3108602,2.5
2337,3108701,7.2
2338,3108800,12.7
2339,3108909,5.6
2340,3109006,16.9
2341,3109105,5.8
2342,3109204,5.6
2343,3109253,1.4
2344,3109303,4.3
2345,3109402,8.8
2346,3109451,9.2
2347,3109501,4.5
2348,3109600,5.9
2349,3109709,6.7
2350,3109808,6.9
2351,3109907,4.1
2352,3110004,6.4
2353,3110103,14.2
2354,3110202,12.7
2355,3110301,6.2
2356,3110400,2.4
2357,3110509,7.7
2358,3110608,2.3
2359,3110707,5.8
2360,3110806,15.6
2361,3110905,6.3
2362,3111002,12.5
2363,3111101,4.7
2364,3111150,5.1
2365,3111200,2.7
2366,3111309,5.2
2367,3111408,17.3
2368,3111507,13.6
2369,3111606,5.7
2370,3111705,4.4
2371,3111804,10.5
2372,3111903,6.9
2373,3112000,5.6
2374,3112059,3.9
2375,3112109,6.5
2376,3112208,4.7
2377,3112307,1.2
2378,3112406,16.6
2379,3112505,2.3
2380,3112604,7.6
2381,3112653,10.4
2382,3112703,4.3
2383,3112802,5.4
2384,3112901,7.5
2385,3113008,10.7
2386,3113107,9.8
2387,3113206,3.7
2388,3113305,9.9
2389,3113404,7.6
2390,3113503,1.7
2391,3113602,6.8
2392,3113701,12.9
2393,3113800,5.7
2394,3113909,8.9
2395,3114006,2.8
2396,3114105,14.3
2397,3114204,4.8
2398,3114303,2.8
2399,3114402,2.6
2400,3114501,2.3
2401,3114550,8.3
2402,3114600,11.5
2403,3114709,8.1
2404,3114808,5.2
2405,3114907,7
2406,3115003,5
2407,3115102,5.4
2408,3115201,6
2409,3115300,6.2
2410,3115359,9.1
2411,3115409,5.5
2412,3115458,10
2413,3115474,2.3
2414,3115508,4.8
2415,3115607,8
2416,3115706,4.2
2417,3115805,7.1
2418,3115904,16.4
2419,3116001,3.7
2420,3116100,3
2421,3116159,4.4
2422,3116209,12.4
2423,3116308,8.7
2424,3116407,4.3
2425,3116506,2.9
2426,3116605,2.1
2427,3116704,4.7
2428,3116803,4.8
2429,3116902,9.8
2430,3117009,5.8
2431,3117108,6.2
2432,3117207,2.6
2433,3117306,8
2434,3117405,4
2435,3117504,7.3
2436,3117603,5.6
2437,3117702,7.6
2438,3117801,4
2439,3117836,3
2440,3117876,5.8
2441,3117900,5.1
2442,3118007,10.2
2443,3118106,10.8
2444,3118205,11.9
2445,3118304,9.2
2446,3118403,9.1
2447,3118502,5.6
2448,3118601,7.2
2449,3118700,9.5
2450,3118809,2.4
2451,3118908,5
2452,3119005,8
2453,3119104,7.2
2454,3119203,7.1
2455,3119302,2.7
2456,3119401,5.3
2457,3119500,4.6
2458,3119609,13.3
2459,3119708,15.6
2460,3119807,3.6
2461,3119906,4.9
2462,3119955,2
2463,3120003,7.1
2464,3120102,2.7
2465,3120151,14.8
2466,3120201,5.1
2467,3120300,3.4
2468,3120409,13.2
2469,3120508,5.4
2470,3120607,3
2471,3120706,7.1
2472,3120805,5.6
2473,3120839,9.1
2474,3120870,4.8
2475,3120904,8.1
2476,3121001,1.8
2477,3121100,2
2478,3121209,5.7
2479,3121258,13.7
2480,3121308,14.4
2481,3121407,4.6
2482,3121506,12.9
2483,3121605,5
2484,3121704,12.6
2485,3121803,4
2486,3121902,6.2
2487,3122009,8.9
2488,3122108,6.5
2489,3122207,11
2490,3122306,3.9
2491,3122355,11.2
2492,3122405,3.2
2493,3122454,11.8
2494,3122470,2.7
2495,3122504,4.3
2496,3122603,5
2497,3122702,3
2498,3122801,3.5
2499,3122900,8.3
2500,3123007,10.2
2501,3123106,6.3
2502,3123205,5.4
2503,3123304,3.7
2504,3123403,2.7
2505,3123502,3.4
2506,3123528,3.8
2507,3123601,10.1
2508,3123700,6.8
2509,3123809,3.4
2510,3123858,8.6
2511,3123908,10.8
2512,3124005,3.8
2513,3124104,10.9
2514,3124203,7.7
2515,3124302,3.4
2516,3124401,6.2
2517,3124500,4.6
2518,3124609,12.5
2519,3124708,8.1
2520,3124807,2.1
2521,3124906,8.9
2522,3125002,14.1
2523,3125101,7.7
2524,3125200,6.8
2525,3125309,14.3
2526,3125408,6.6
2527,3125507,2
2528,3125606,9.1
2529,3125705,11
2530,3125804,6.7
2531,3125903,3.2
2532,3125952,10.6
2533,3126000,6.6
2534,3126109,2.5
2535,3126208,6.4
2536,3126307,5.3
2537,3126406,5.2
2538,3126505,2.7
2539,3126604,2.5
2540,3126703,3.2
2541,3126752,7.8
2542,3126802,13.2
2543,3126901,12.7
2544,3126950,3.7
2545,3127008,4.2
2546,3127057,5.4
2547,3127073,2.6
2548,3127107,8.5
2549,3127206,6.5
2550,3127305,6.4
2551,3127339,2.1
2552,3127354,2.4
2553,3127370,8.6
2554,3127388,13.1
2555,3127404,11.4
2556,3127503,2.6
2557,3127602,3.9
2558,3127701,8
2559,3127800,4.6
2560,3127909,2.3
2561,3128006,3.5
2562,3128105,5.1
2563,3128204,8
2564,3128253,2.7
2565,3128303,9.9
2566,3128402,7.8
2567,3128501,17.2
2568,3128600,6.1
2569,3128709,7.3
2570,3128808,6
2571,3128907,8
2572,3129004,5.4
2573,3129103,7.8
2574,3129202,10.6
2575,3129301,4.9
2576,3129400,9.6
2577,3129509,10.4
2578,3129608,7.9
2579,3129657,1.1
2580,3129707,4.1
2581,3129806,5.6
2582,3129905,2
2583,3130002,5.8
2584,3130051,4.6
2585,3130101,7.7
2586,3130200,5.1
2587,3130309,4.5
2588,3130408,3.7
2589,3130507,3.2
2590,3130556,5.7
2591,3130606,5.1
2592,3130655,2.1
2593,3130705,19.5
2594,3130804,18.2
2595,3130903,3.8
2596,3131000,11
2597,3131109,9.5
2598,3131158,3.9
2599,3131208,2.2
2600,3131307,4.3
2601,3131406,6.2
2602,3131505,3.4
2603,3131604,8
2604,3131703,5.6
2605,3131802,13.5
2606,3131901,10.9
2607,3132008,1.8
2608,3132107,7.3
2609,3132206,2.3
2610,3132305,19.3
2611,3132404,6.7
2612,3132503,3.3
2613,3132602,9.8
2614,3132701,11.4
2615,3132800,4.2
2616,3132909,3.1
2617,3133006,7.4
2618,3133105,4.8
2619,3133204,10
2620,3133303,8.1
2621,3133402,11.7
2622,3133501,2.4
2623,3133600,13.6
2624,3133709,3.6
2625,3133758,3.5
2626,3133808,3.2
2627,3133907,5.6
2628,3134004,4
2629,3134103,5.3
2630,3134202,5.3
2631,3134301,5.9
2632,3134400,6.5
2633,3134509,9.5
2634,3134608,8.2
2635,3134707,10.1
2636,3134806,10.9
2637,3134905,6.2
2638,3135001,4
2639,3135050,4.2
2640,3135076,17.3
2641,3135100,3.6
2642,3135209,6.4
2643,3135308,0.5
2644,3135357,2.7
2645,3135407,4.8
2646,3135456,1.6
2647,3135506,4.9
2648,3135605,8
2649,3135704,5.3
2650,3135803,5.1
2651,3135902,14
2652,3136009,7
2653,3136108,5.5
2654,3136207,2.6
2655,3136306,3.5
2656,3136405,14
2657,3136504,6.8
2658,3136520,4
2659,3136553,2.3
2660,3136579,8.7
2661,3136603,16.6
2662,3136652,4.8
2663,3136702,9.3
2664,3136801,4.1
2665,3136900,9.8
2666,3136959,5
2667,3137007,17
2668,3137106,4.7
2669,3137205,2.4
2670,3137304,4.1
2671,3137403,8.9
2672,3137502,6.7
2673,3137536,5.1
2674,3137601,9.7
2675,3137700,6.2
2676,3137809,5.8
2677,3137908,4.7
2678,3138005,5.8
2679,3138104,3.6
2680,3138203,6.3
2681,3138302,2.3
2682,3138351,1.9
2683,3138401,6.3
2684,3138500,12.3
2685,3138609,8.8
2686,3138625,8
2687,3138658,4.8
2688,3138674,8
2689,3138682,3.6
2690,3138708,6.6
2691,3138807,1.8
2692,3138906,4.3
2693,3139003,4.1
2694,3139102,3.9
2695,3139201,10
2696,3139250,1.1
2697,3139300,5.7
2698,3139409,5.4
2699,3139508,9.5
2700,3139607,3.8
2701,3139706,11.5
2702,3139805,10.8
2703,3139904,4.4
2704,3140001,7.9
2705,3140100,8.4
2706,3140159,7.5
2707,3140209,8.5
2708,3140308,5.7
2709,3140407,2.3
2710,3140506,8.5
2711,3140530,12.6
2712,3140555,12.3
2713,3140605,5.7
2714,3140704,8.9
2715,3140803,12.3
2716,3140852,8.9
2717,3140902,5.4
2718,3141009,2.3
2719,3141108,3.8
2720,3141207,5.3
2721,3141306,3.3
2722,3141405,3.9
2723,3141504,2.6
2724,3141603,8.2
2725,3141702,4.1
2726,3141801,3.6
2727,3141900,14.7
2728,3142007,3.4
2729,3142106,6.3
2730,3142205,6.1
2731,3142254,5.1
2732,3142304,17.4
2733,3142403,2.4
2734,3142502,6
2735,3142601,3.3
2736,3142700,4.6
2737,3142809,14.4
2738,3142908,1.5
2739,3143005,12.5
2740,3143104,3.2
2741,3143153,3
2742,3143203,7
2743,3143302,4.7
2744,3143401,7
2745,3143450,4.6
2746,3143500,8.2
2747,3143609,4.6
2748,3143708,3
2749,3143807,7
2750,3143906,5.2
2751,3144003,4.1
2752,3144102,5.2
2753,3144201,4.2
2754,3144300,9.9
2755,3144359,2.7
2756,3144375,6.5
2757,3144409,4.9
2758,3144508,3.1
2759,3144607,5.1
2760,3144656,5.5
2761,3144672,9.8
2762,3144706,2.3
2763,3144805,10.2
2764,3144904,5.1
2765,3145000,4.7
2766,3145059,3.2
2767,3145109,4.1
2768,3145208,2.9
2769,3145307,7.8
2770,3145356,12.1
2771,3145372,2.6
2772,3145406,12.9
2773,3145455,3.6
2774,3145505,21.7
2775,3145604,4
2776,3145703,1.1
2777,3145802,3.4
2778,3145851,14.9
2779,3145877,6.6
2780,3145901,11.2
2781,3146008,2.9
2782,3146107,8.2
2783,3146206,7.5
2784,3146255,3
2785,3146305,11
2786,3146404,10.8
2787,3146503,2.9
2788,3146552,4.6
2789,3146602,2.9
2790,3146701,6.9
2791,3146750,8.5
2792,3146909,4.6
2793,3147006,5.6
2794,3147105,3.5
2795,3147204,3.9
2796,3147303,6
2797,3147402,4.9
2798,3147501,6.7
2799,3147600,4.7
2800,3147709,5.6
2801,3147808,18.1
2802,3147907,3.4
2803,3147956,3
2804,3148004,5.2
2805,3148103,5.4
2806,3148202,6.6
2807,3148301,4.8
2808,3148400,6.5
2809,3148509,9.1
2810,3148608,1.9
2811,3148707,6
2812,3148756,6.2
2813,3148806,21.4
2814,3148905,3.9
2815,3149002,5
2816,3149101,3.7
2817,3149150,3.9
2818,3149200,11.7
2819,3149309,3.1
2820,3149408,15
2821,3149507,16.8
2822,3149606,8.2
2823,3149705,4.7
2824,3149804,7.2
2825,3149903,3.5
2826,3149952,8.6
2827,3150000,4
2828,3150109,17.7
2829,3150158,9.5
2830,3150208,15.6
2831,3150307,1.6
2832,3150406,16.2
2833,3150505,5.7
2834,3150539,4.9
2835,3150570,5.2
2836,3150604,6.7
2837,3150703,15.9
2838,3150802,3.3
2839,3150901,15.6
2840,3151008,5.5
2841,3151107,6.8
2842,3151206,6.1
2843,3151305,9.6
2844,3151404,4.3
2845,3151503,3.4
2846,3151602,14.9
2847,3151701,2.3
2848,3151800,10.7
2849,3151909,5.4
2850,3152006,5.4
2851,3152105,12.7
2852,3152131,8
2853,3152170,6
2854,3152204,2.3
2855,3152303,3.8
2856,3152402,7.5
2857,3152501,6.5
2858,3152600,10.3
2859,3152709,10.9
2860,3152808,7
2861,3152907,5.4
2862,3153004,13.3
2863,3153103,3.1
2864,3153202,4.3
2865,3153301,1.5
2866,3153400,3.3
2867,3153509,4
2868,3153608,7
2869,3153707,6.4
2870,3153806,10
2871,3153905,9.6
2872,3154002,11.1
2873,3154101,8
2874,3154150,8.5
2875,3154200,9.7
2876,3154309,11.1
2877,3154408,3.4
2878,3154457,5.1
2879,3154507,2.3
2880,3154606,6.7
2881,3154705,7.5
2882,3154804,20.1
2883,3154903,17.2
2884,3155009,8.4
2885,3155108,9.8
2886,3155207,2.6
2887,3155306,6.3
2888,3155405,8.3
2889,3155504,8.7
2890,3155603,2.5
2891,3155702,5.1
2892,3155801,9
2893,3155900,27.2
2894,3156007,9.6
2895,3156106,9.8
2896,3156205,14.6
2897,3156304,9.3
2898,3156403,6.1
2899,3156452,6.1
2900,3156502,2.8
2901,3156601,11.5
2902,3156700,8.4
2903,3156809,5.6
2904,3156908,10.1
2905,3157005,1.8
2906,3157104,9.8
2907,3157203,4.6
2908,3157252,9
2909,3157278,26.7
2910,3157302,9.6
2911,3157336,13.3
2912,3157377,2.6
2913,3157401,8.6
2914,3157500,4.4
2915,3157609,3.3
2916,3157658,25
2917,3157708,8
2918,3157807,7.8
2919,3157906,9.7
2920,3158003,1.6
2921,3158102,5
2922,3158201,2.8
2923,3158300,3.4
2924,3158409,3.3
2925,3158508,4.8
2926,3158607,25.1
2927,3158706,3.7
2928,3158805,3.1
2929,3158904,8.9
2930,3158953,5
2931,3159001,3.8
2932,3159100,4.9
2933,3159209,3.4
2934,3159308,11.7
2935,3159357,7.9
2936,3159407,9.5
2937,3159506,5.1
2938,3159605,7.5
2939,3159704,5.7
2940,3159803,3.8
2941,3159902,6.5
2942,3160009,4.7
2943,3160108,13.2
2944,3160207,5.9
2945,3160306,9.9
2946,3160405,2.6
2947,3160454,2.1
2948,3160504,6.4
2949,3160603,5.3
2950,3160702,6.1
2951,3160801,7.5
2952,3160900,5.6
2953,3160959,6.8
2954,3161007,2.2
2955,3161056,4.8
2956,3161106,7.6
2957,3161205,6.3
2958,3161304,7.1
2959,3161403,4.2
2960,3161502,3.8
2961,3161601,4
2962,3161650,5.6
2963,3161700,4.1
2964,3161809,3
2965,3161908,5.3
2966,3162005,5.8
2967,3162104,9.1
2968,3162203,3
2969,3162252,8.9
2970,3162302,4.8
2971,3162401,8
2972,3162450,16.1
2973,3162500,8.2
2974,3162559,7
2975,3162575,4.2
2976,3162609,7.8
2977,3162658,1.2
2978,3162708,2.8
2979,3162807,4.5
2980,3162906,11.2
2981,3162922,12.6
2982,3162948,3.5
2983,3162955,7.5
2984,3163003,12.2
2985,3163102,4.6
2986,3163201,4.8
2987,3163300,7.8
2988,3163409,7.4
2989,3163508,6.1
2990,3163607,5.8
2991,3163706,9.4
2992,3163805,10.2
2993,3163904,5.1
2994,3164001,10.7
2995,3164100,6.8
2996,3164209,7.7
2997,3164308,3
2998,3164407,5.6
2999,3164431,6.6
3000,3164472,5.4
3001,3164506,1.6
3002,3164605,9.6
3003,3164704,7.2
3004,3164803,2
3005,3164902,5
3006,3165008,4.8
3007,3165107,12.5
3008,3165206,4.2
3009,3165305,10.2
3010,3165404,2.5
3011,3165503,9
3012,3165537,6.1
3013,3165552,6.9
3014,3165560,6.6
3015,3165578,6.7
3016,3165602,8.9
3017,3165701,4.7
3018,3165800,3.5
3019,3165909,5.1
3020,3166006,8.8
3021,3166105,9.7
3022,3166204,1.9
3023,3166303,5.6
3024,3166402,9.5
3025,3166501,5.5
3026,3166600,4.1
3027,3166709,8.9
3028,3166808,5.4
3029,3166907,7.6
3030,3166956,3.3
3031,3167004,8.9
3032,3167103,4.5
3033,3167202,5
3034,3167301,8.1
3035,3167400,7.7
3036,3167509,16.3
3037,3167608,6.2
3038,3167707,5.6
3039,3167806,13.9
3040,3167905,17.9
3041,3168002,2.9
3042,3168051,2.4
3043,3168101,16.2
3044,3168200,4.7
3045,3168309,4.5
3046,3168408,4.1
3047,3168507,10.6
3048,3168606,11.2
3049,3168705,4.9
3050,3168804,13.1
3051,3168903,6.7
3052,3169000,4.4
3053,3169059,6
3054,3169109,14.6
3055,3169208,8.3
3056,3169307,5.7
3057,3169356,3.2
3058,3169406,3.4
3059,3169505,6.5
3060,3169604,7.5
3061,3169703,4.9
3062,3169802,6.5
3063,3169901,6.3
3064,3170008,6.2
3065,3170057,5.8
3066,3170107,10.1
3067,3170206,9.4
3068,3170305,10.9
3069,3170404,5
3070,3170438,15.3
3071,3170479,3.4
3072,3170503,11.1
3073,3170529,5.1
3074,3170578,8.3
3075,3170602,4.6
3076,3170651,2.7
3077,3170701,5.5
3078,3170750,5.3
3079,3170800,5.6
3080,3170909,5.6
3081,3171006,2.2
3082,3171030,2.8
3083,3171071,2
3084,3171105,15.9
3085,3171154,4
3086,3171204,6.3
3087,3171303,7.3
3088,3171402,10.7
3089,3171501,8.6
3090,3171600,5.8
3091,3171709,4.5
3092,3171808,16.1
3093,3171907,3.2
3094,3172004,6.4
3095,3172103,8.1
3096,3172202,5.7
3097,3200102,10.9
3098,3200136,7.7
3099,3200169,12
3100,3200201,9.7
3101,3200300,10.7
3102,3200359,12
3103,3200409,15
3104,3200508,12.9
3105,3200607,8.6
3106,3200706,11.4
3107,3200805,10.5
3108,3200904,8.7
3109,3201001,9.5
3110,3201100,12.6
3111,3201159,10.9
3112,3201209,11.3
3113,3201308,10.6
3114,3201407,12.9
3115,3201506,9.5
3116,3201605,11.8
3117,3201704,12.1
3118,3201803,12.7
3119,3201902,9.5
3120,3202009,5.7
3121,3202108,8.4
3122,3202207,16.5
3123,3202256,7.9
3124,3202306,13.5
3125,3202405,13.5
3126,3202454,16.6
3127,3202504,8.8
3128,3202553,15.6
3129,3202603,10.7
3130,3202652,15.8
3131,3202702,6.5
3132,3202801,22
3133,3202900,7.6
3134,3203007,13.2
3135,3203056,12.4
3136,3203106,11.2
3137,3203130,8.9
3138,3203163,12.5
3139,3203205,15.6
3140,3203304,6.6
3141,3203320,18.5
3142,3203346,11.8
3143,3203353,8.5
3144,3203403,16.8
3145,3203502,15.2
3146,3203601,11.3
3147,3203700,8.6
3148,3203809,15.1
3149,3203908,9
3150,3204005,4.2
3151,3204054,10.3
3152,3204104,11
3153,3204203,20.4
3154,3204252,10.4
3155,3204302,15.5
3156,3204351,18
3157,3204401,16.3
3158,3204500,13.6
3159,3204559,11
3160,3204609,13.1
3161,3204658,10.8
3162,3204708,8.6
3163,3204807,10.9
3164,3204906,15.4
3165,3204955,6.8
3166,3205002,13.4
3167,3205010,10.6
3168,3205036,17
3169,3205069,10.7
3170,3205101,10
3171,3205150,7.7
3172,3205176,14.1
3173,3205200,10.6
3174,3205309,7.5
3175,3300100,17.5
3176,3300159,14.5
3177,3300209,21.4
3178,3300225,13.2
3179,3300233,25.6
3180,3300258,25.6
3181,3300308,24.1
3182,3300407,14.4
3183,3300456,24
3184,3300506,24.6
3185,3300605,11
3186,3300704,28.9
3187,3300803,30.8
3188,3300902,9.6
3189,3300936,16.5
3190,3300951,15.6
3191,3301009,22.7
3192,3301108,18.9
3193,3301157,26.9
3194,3301207,18.9
3195,3301306,15
3196,3301405,16.1
3197,3301504,12.4
3198,3301603,22.9
3199,3301702,25.4
3200,3301801,15.3
3201,3301850,20.3
3202,3301876,18
3203,3301900,22.1
3204,3302007,19.5
3205,3302056,21.9
3206,3302106,15.9
3207,3302205,12.5
3208,3302254,21.4
3209,3302270,20.9
3210,3302304,15
3211,3302403,17.9
3212,3302452,18.7
3213,3302502,19.9
3214,3302601,16
3215,3302700,10.5
3216,3302809,12.5
3217,3302858,19
3218,3302908,15.2
3219,3303005,13
3220,3303104,8.2
3221,3303203,15.9
3222,3303302,17
3223,3303401,22.3
3224,3303500,21.2
3225,3303609,18
3226,3303708,13.6
3227,3303807,17.1
3228,3303856,20.2
3229,3303906,17.9
3230,3303955,20.2
3231,3304003,14.3
3232,3304102,18.1
3233,3304110,8.5
3234,3304128,13.1
3235,3304144,19
3236,3304151,20.6
3237,3304201,11.6
3238,3304300,21.8
3239,3304409,13.5
3240,3304508,17
3241,3304524,14.7
3242,3304557,10.9
3243,3304607,25.4
3244,3304706,8.5
3245,3304755,26.8
3246,3304805,19.8
3247,3304904,26.8
3248,3305000,28.2
3249,3305109,23
3250,3305133,7.8
3251,3305158,20.4
3252,3305208,25
3253,3305307,26.3
3254,3305406,22.5
3255,3305505,22.3
3256,3305554,19.6
3257,3305604,23.4
3258,3305703,24.4
3259,3305752,23.8
3260,3305802,10.4
3261,3305901,15.5
3262,3306008,17
3263,3306107,23.7
3264,3306156,23.6
3265,3306206,17.6
3266,3306305,15
3267,3500105,2
3268,3500204,6.8
3269,3500303,8.7
3270,3500402,10.1
3271,3500501,13.7
3272,3500550,4.4
3273,3500600,2.7
3274,3500709,4.3
3275,3500758,7.4
3276,3500808,5.8
3277,3500907,2
3278,3501004,4.3
3279,3501103,1.9
3280,3501152,4.7
3281,3501202,2.8
3282,3501301,7.2
3283,3501400,2.5
3284,3501509,2
3285,3501608,2.9
3286,3501707,4.3
3287,3501806,4.7
3288,3501905,4.4
3289,3502002,4.7
3290,3502101,3.5
3291,3502200,5
3292,3502309,4.2
3293,3502408,4.2
3294,3502507,8.8
3295,3502606,3.3
3296,3502705,2
3297,3502754,9.5
3298,3502804,4.3
3299,3502903,3.1
3300,3503000,7.6
3301,3503109,2.4
3302,3503158,12.4
3303,3503208,2.8
3304,3503307,3
3305,3503356,2
3306,3503406,2.3
3307,3503505,3.2
3308,3503604,6.3
3309,3503703,2.2
3310,3503802,5.3
3311,3503901,3.1
3312,3503950,1.4
3313,3504008,2.9
3314,3504107,2.1
3315,3504206,2.7
3316,3504305,4.9
3317,3504404,7.4
3318,3504503,3.5
3319,3504602,7.3
3320,3504701,1.4
3321,3504800,4.3
3322,3504909,12.7
3323,3505005,3.3
3324,3505104,4.9
3325,3505203,3
3326,3505302,2.4
3327,3505351,1.9
3328,3505401,6
3329,3505500,9.8
3330,3505609,4.8
3331,3505708,4.7
3332,3505807,2.9
3333,3505906,4.6
3334,3506003,5
3335,3506102,3.7
3336,3506201,3.4
3337,3506300,2.7
3338,3506359,6.3
3339,3506409,5.6
3340,3506508,2.1
3341,3506607,6.7
3342,3506706,7.4
3343,3506805,6.3
3344,3506904,8.1
3345,3507001,3.4
3346,3507100,3.4
3347,3507159,1.3
3348,3507209,4
3349,3507308,2.7
3350,3507407,1.9
3351,3507456,11.3
3352,3507506,4.1
3353,3507605,5.6
3354,3507704,6.8
3355,3507753,2.4
3356,3507803,6.8
3357,3507902,5.1
3358,3508009,5.6
3359,3508108,1
3360,3508207,18.1
3361,3508306,3.9
3362,3508405,6.3
3363,3508504,7
3364,3508603,5.8
3365,3508702,3.9
3366,3508801,5.9
3367,3508900,3.9
3368,3509007,3
3369,3509106,8.1
3370,3509205,3.6
3371,3509254,2.6
3372,3509304,3.1
3373,3509403,3.2
3374,3509452,2.8
3375,3509502,5.1
3376,3509601,5.4
3377,3509700,3
3378,3509809,6.9
3379,3509908,9
3380,3509957,8.8
3381,3510005,1.2
3382,3510104,4.2
3383,3510153,2.5
3384,3510203,2.6
3385,3510302,1.9
3386,3510401,11.3
3387,3510500,3.6
3388,3510609,4.5
3389,3510708,9.4
3390,3510807,4.3
3391,3510906,11.1
3392,3511003,3.7
3393,3511102,2.1
3394,3511201,3.6
3395,3511300,7
3396,3511409,3.4
3397,3511508,2.6
3398,3511607,12.2
3399,3511706,3.7
3400,3511904,5.6
3401,3512001,4.1
3402,3512100,16
3403,3512209,4.7
3404,3512308,2.6
3405,3512407,8.7
3406,3512506,3.3
3407,3512605,3.8
3408,3512704,8.6
3409,3512803,9.6
3410,3512902,3.6
3411,3513009,5.9
3412,3513108,13.9
3413,3513207,8.4
3414,3513306,0
3415,3513405,4.2
3416,3513504,8.7
3417,3513603,5.7
3418,3513702,5.4
3419,3513801,2.9
3420,3513850,7.6
3421,3513900,2.2
3422,3514007,3
3423,3514106,2.4
3424,3514205,7.4
3425,3514304,3.5
3426,3514403,2.5
3427,3514502,3
3428,3514601,3.9
3429,3514700,3.7
3430,3514809,9.4
3431,3514908,8.2
3432,3514924,0.9
3433,3514957,1.3
3434,3515004,3.9
3435,3515103,2.4
3436,3515129,4.9
3437,3515152,10.2
3438,3515186,3.7
3439,3515194,3.7
3440,3515202,10
3441,3515301,2.4
3442,3515350,3.6
3443,3515400,1.3
3444,3515509,4.4
3445,3515608,2.5
3446,3515657,1.7
3447,3515707,4.7
3448,3515806,0.8
3449,3515905,5.4
3450,3516002,3.7
3451,3516101,1.1
3452,3516200,4.2
3453,3516309,3.6
3454,3516408,2.6
3455,3516507,2
3456,3516606,2.7
3457,3516705,3.6
3458,3516804,1.6
3459,3516853,1.4
3460,3516903,4
3461,3517000,7.4
3462,3517109,3.3
3463,3517208,5.3
3464,3517307,3.1
3465,3517406,3.4
3466,3517505,8.8
3467,3517604,1.2
3468,3517703,3.9
3469,3517802,3.2
3470,3517901,3.8
3471,3518008,3.4
3472,3518107,6.6
3473,3518206,3.2
3474,3518305,2.9
3475,3518404,5
3476,3518503,6.9
3477,3518602,2.9
3478,3518701,5.7
3479,3518800,3.5
3480,3518859,7.6
3481,3518909,4
3482,3519006,4
3483,3519055,3.1
3484,3519071,3.8
3485,3519105,2
3486,3519204,4.7
3487,3519253,8.3
3488,3519303,4.4
3489,3519402,3.4
3490,3519501,4.4
3491,3519600,3.4
3492,3519709,5.7
3493,3519808,3.5
3494,3519907,2.2
3495,3520004,5.7
3496,3520103,6.8
3497,3520202,10.4
3498,3520301,1.5
3499,3520400,5.9
3500,3520426,1.7
3501,3520442,4
3502,3520509,5.8
3503,3520608,2.9
3504,3520707,7.1
3505,3520806,3.2
3506,3520905,5
3507,3521002,6.1
3508,3521101,5
3509,3521150,4.1
3510,3521200,4.9
3511,3521309,5.2
3512,3521408,3.4
3513,3521507,5.6
3514,3521606,4.6
3515,3521705,1.3
3516,3521804,2.9
3517,3521903,2.4
3518,3522000,2.7
3519,3522109,6.4
3520,3522158,1.9
3521,3522208,5.2
3522,3522307,3.3
3523,3522406,2.5
3524,3522505,3.7
3525,3522604,10.2
3526,3522653,1.1
3527,3522703,1.8
3528,3522802,2.7
3529,3522901,7.2
3530,3523008,2.5
3531,3523107,5.2
3532,3523206,6.6
3533,3523305,2.4
3534,3523404,6.3
3535,3523503,7.8
3536,3523602,3.2
3537,3523701,5
3538,3523800,3.5
3539,3523909,4.3
3540,3524006,3.1
3541,3524105,12.6
3542,3524204,10.6
3543,3524303,3.6
3544,3524402,4.3
3545,3524501,6.7
3546,3524600,4.7
3547,3524709,2.4
3548,3524808,3.8
3549,3524907,9.3
3550,3525003,3.1
3551,3525102,7.6
3552,3525201,4
3553,3525300,6.8
3554,3525409,5.6
3555,3525508,6
3556,3525607,1.7
3557,3525706,4.3
3558,3525805,1.9
3559,3525854,7.3
3560,3525904,1.9
3561,3526001,1.5
3562,3526100,1.8
3563,3526209,3.5
3564,3526308,5.2
3565,3526407,5.3
3566,3526506,7.1
3567,3526605,4.3
3568,3526704,2.3
3569,3526803,6.3
3570,3526902,3.2
3571,3527009,12.4
3572,3527108,5.1
3573,3527207,8.2
3574,3527256,4.1
3575,3527306,3.7
3576,3527405,2.4
3577,3527504,3.6
3578,3527603,10
3579,3527702,10.7
3580,3527801,4.5
3581,3527900,7.6
3582,3528007,6.2
3583,3528106,2.9
3584,3528205,4.6
3585,3528304,1.5
3586,3528403,7.6
3587,3528502,3.3
3588,3528601,3.3
3589,3528700,3
3590,3528809,0.6
3591,3528858,2.6
3592,3528908,2.8
3593,3529005,2.3
3594,3529104,2.4
3595,3529203,2.1
3596,3529302,2.5
3597,3529401,3.2
3598,3529500,6.2
3599,3529609,5.6
3600,3529658,10.2
3601,3529708,9.2
3602,3529807,2
3603,3529906,5.6
3604,3530003,6.7
3605,3530102,2
3606,3530201,2.9
3607,3530300,4.2
3608,3530409,6.1
3609,3530508,5
3610,3530607,2.4
3611,3530706,4.5
3612,3530805,4.8
3613,3530904,6.3
3614,3531001,1.9
3615,3531100,7.2
3616,3531209,21.3
3617,3531308,1.8
3618,3531407,3.3
3619,3531506,3.7
3620,3531605,2.2
3621,3531704,10.9
3622,3531803,11.2
3623,3531902,13
3624,3532009,5.2
3625,3532058,13.2
3626,3532108,2.9
3627,3532157,1.5
3628,3532207,6.6
3629,3532306,4.1
3630,3532405,5.2
3631,3532504,7.2
3632,3532603,2.8
3633,3532702,6.3
3634,3532801,7.4
3635,3532827,3.7
3636,3532843,4.3
3637,3532868,0
3638,3532900,2.9
3639,3533007,3.5
3640,3533106,3
3641,3533205,6.6
3642,3533254,5.1
3643,3533304,3
3644,3533403,4
3645,3533502,1.3
3646,3533601,11.9
3647,3533700,3.4
3648,3533809,3.9
3649,3533908,3.4
3650,3534005,5.1
3651,3534104,2
3652,3534203,2.4
3653,3534302,3.5
3654,3534401,3.5
3655,3534500,3.8
3656,3534609,1.8
3657,3534708,4.3
3658,3534757,3.3
3659,3534807,1.2
3660,3534906,1.9
3661,3535002,5.8
3662,3535101,3.5
3663,3535200,2.7
3664,3535309,3.1
3665,3535408,6.3
3666,3535507,0.9
3667,3535606,7.4
3668,3535705,2.4
3669,3535804,3.1
3670,3535903,4.3
3671,3536000,6.3
3672,3536109,7.8
3673,3536208,5.3
3674,3536257,2.9
3675,3536307,4.4
3676,3536406,2.7
3677,3536505,5.7
3678,3536570,1.3
3679,3536604,4.8
3680,3536703,8.3
3681,3536802,8.5
3682,3536901,0.8
3683,3537008,11.7
3684,3537107,1.6
3685,3537156,1.4
3686,3537206,3.3
3687,3537305,3.7
3688,3537404,1.6
3689,3537503,11.9
3690,3537602,7
3691,3537701,4
3692,3537800,1.7
3693,3537909,3.1
3694,3538006,2.3
3695,3538105,7.4
3696,3538204,4.8
3697,3538303,5.8
3698,3538501,6.1
3699,3538600,10.7
3700,3538709,3.7
3701,3538808,2.3
3702,3538907,1.4
3703,3539004,1.8
3704,3539103,4
3705,3539202,3.8
3706,3539301,3.4
3707,3539400,3.1
3708,3539509,6.3
3709,3539608,6.3
3710,3539707,5.6
3711,3539806,3.7
3712,3539905,7.5
3713,3540002,1.8
3714,3540101,6.3
3715,3540200,4.5
3716,3540259,8.4
3717,3540309,2.3
3718,3540408,6.2
3719,3540507,5.4
3720,3540606,2.9
3721,3540705,11.2
3722,3540754,6.9
3723,3540804,4.3
3724,3540853,2
3725,3540903,5.5
3726,3541000,9.4
3727,3541059,2.5
3728,3541109,2.9
3729,3541208,4.6
3730,3541307,4.4
3731,3541406,6.3
3732,3541505,2.9
3733,3541604,3.3
3734,3541653,6.8
3735,3541703,0.9
3736,3541802,5.1
3737,3541901,10.5
3738,3542008,1.5
3739,3542107,8
3740,3542206,6
3741,3542305,3.7
3742,3542404,4
3743,3542503,4.8
3744,3542602,2.8
3745,3542701,8.5
3746,3542800,1.8
3747,3542909,3.5
3748,3543006,4.7
3749,3543105,9.5
3750,3543204,3.4
3751,3543238,1.8
3752,3543253,6.6
3753,3543303,3
3754,3543402,8.3
3755,3543501,2.7
3756,3543600,9.9
3757,3543709,4.3
3758,3543808,3.3
3759,3543907,4.9
3760,3544004,11.3
3761,3544103,4.3
3762,3544202,3.3
3763,3544251,2.7
3764,3544301,7.4
3765,3544400,4.6
3766,3544509,2.3
3767,3544608,8.5
3768,3544707,6.3
3769,3544806,4.2
3770,3544905,3.5
3771,3545001,7.4
3772,3545100,4.9
3773,3545159,6.8
3774,3545209,3.2
3775,3545308,4.7
3776,3545407,4.5
3777,3545506,5
3778,3545605,2.3
3779,3545704,2.6
3780,3545803,2.5
3781,3546009,9.7
3782,3546108,3.5
3783,3546207,5.4
3784,3546256,5.5
3785,3546306,2.1
3786,3546405,1.3
3787,3546504,1.7
3788,3546603,3.7
3789,3546702,6.7
3790,3546801,5.9
3791,3546900,2.8
3792,3547007,6.3
3793,3547106,2.1
3794,3547205,2.8
3795,3547304,4.4
3796,3547403,1.6
3797,3547502,3.9
3798,3547601,4.6
3799,3547650,2
3800,3547700,3.5
3801,3547809,3.9
3802,3547908,4.5
3803,3548005,17
3804,3548054,3.9
3805,3548104,6.5
3806,3548203,4.1
3807,3548302,6.2
3808,3548401,4.1
3809,3548500,5.6
3810,3548609,3.7
3811,3548708,5.7
3812,3548807,3.2
3813,3548906,3.4
3814,3549003,2.8
3815,3549102,2.7
3816,3549201,8.6
3817,3549250,4
3818,3549300,1.9
3819,3549409,2.9
3820,3549508,12.2
3821,3549607,5.2
3822,3549706,4.4
3823,3549805,4.3
3824,3549904,2.7
3825,3549953,2.8
3826,3550001,7.1
3827,3550100,3.6
3828,3550209,3.2
3829,3550308,5.3
3830,3550407,9.3
3831,3550506,9.8
3832,3550605,6.9
3833,3550704,4
3834,3550803,5.1
3835,3550902,10.4
3836,3551009,11.3
3837,3551108,2.7
3838,3551207,2.1
3839,3551306,2
3840,3551405,12.3
3841,3551504,8
3842,3551603,2.3
3843,3551702,11.6
3844,3551801,4.6
3845,3551900,5.9
3846,3552007,5.8
3847,3552106,1.6
3848,3552205,3.1
3849,3552304,1.7
3850,3552403,4.9
3851,3552502,3.6
3852,3552551,6.1
3853,3552601,3.3
3854,3552700,2.7
3855,3552809,3
3856,3552908,10.6
3857,3553005,1.9
3858,3553104,4.9
3859,3553203,2.2
3860,3553302,3.4
3861,3553401,2.6
3862,3553500,4.5
3863,3553609,5.9
3864,3553658,3.6
3865,3553708,2.5
3866,3553807,3.2
3867,3553856,3.7
3868,3553906,2.1
3869,3553955,2.7
3870,3554003,3.4
3871,3554102,3.6
3872,3554201,4.3
3873,3554300,2.2
3874,3554409,1
3875,3554508,3.6
3876,3554607,4.1
3877,3554656,8.2
3878,3554706,2.6
3879,3554755,8
3880,3554805,6.3
3881,3554904,4.5
3882,3554953,2.9
3883,3555000,2.4
3884,3555109,1.9
3885,3555208,5.8
3886,3555307,4.2
3887,3555356,6.5
3888,3555406,5
3889,3555505,5.2
3890,3555604,8
3891,3555703,3
3892,3555802,2.4
3893,3555901,1
3894,3556008,1.4
3895,3556107,3.5
3896,3556206,9
3897,3556305,2.9
3898,3556354,8.4
3899,3556404,3.6
3900,3556453,3.8
3901,3556503,3
3902,3556602,2.7
3903,3556701,8.3
3904,3556800,2.3
3905,3556909,4.1
3906,3556958,1.6
3907,3557006,2.1
3908,3557105,3
3909,3557154,5.6
3910,3557204,3
3911,3557303,7.7
3912,4100103,14.5
3913,4100202,2.8
3914,4100301,11
3915,4100400,12.1
3916,4100459,4.4
3917,4100509,9.7
3918,4100608,17.9
3919,4100707,8.9
3920,4100806,14.2
3921,4100905,12.9
3922,4101002,5.2
3923,4101051,2.8
3924,4101101,7.5
3925,4101150,9
3926,4101200,17.2
3927,4101309,6.4
3928,4101408,4.7
3929,4101507,4.8
3930,4101606,8.3
3931,4101655,11.4
3932,4101705,8.6
3933,4101804,8.1
3934,4101853,7.1
3935,4101903,13.5
3936,4102000,5.7
3937,4102109,2.5
3938,4102208,6.8
3939,4102307,11.4
3940,4102406,7.2
3941,4102505,6.7
3942,4102604,4.8
3943,4102703,9.9
3944,4102752,4.4
3945,4102802,15.9
3946,4102901,7
3947,4103008,6.1
3948,4103024,2.1
3949,4103040,10.9
3950,4103057,3.1
3951,4103107,16.7
3952,4103156,4.2
3953,4103206,15.4
3954,4103222,2.4
3955,4103305,7.3
3956,4103354,5.5
3957,4103370,6
3958,4103404,6.6
3959,4103453,5.7
3960,4103479,9.5
3961,4103503,9.2
3962,4103602,15
3963,4103701,15.4
3964,4103800,10.9
3965,4103909,17.4
3966,4103958,14.9
3967,4104006,8.9
3968,4104055,11.5
3969,4104105,7.5
3970,4104204,8.4
3971,4104253,8.5
3972,4104303,12.4
3973,4104402,13.9
3974,4104428,10.9
3975,4104451,7.6
3976,4104501,7.3
3977,4104600,4.9
3978,4104659,4.5
3979,4104709,10.2
3980,4104808,3.4
3981,4104907,5.2
3982,4105003,5.1
3983,4105102,6.8
3984,4105201,8.6
3985,4105300,7.7
3986,4105409,4.6
3987,4105508,7.6
3988,4105607,11.8
3989,4105706,10.5
3990,4105805,13.6
3991,4105904,7.6
3992,4106001,12.3
3993,4106100,4.2
3994,4106209,12.7
3995,4106308,6.1
3996,4106407,9.8
3997,4106456,11
3998,4106506,5
3999,4106555,14.2
4000,4106571,13.8
4001,4106605,5.6
4002,4106704,5.3
4003,4106803,7.5
4004,4106852,14.8
4005,4106902,3.6
4006,4107009,7.3
4007,4107108,8.4
4008,4107124,8.5
4009,4107157,8
4010,4107207,4.6
4011,4107256,3.7
4012,4107306,5.1
4013,4107405,3.7
4014,4107504,4.8
4015,4107520,10.2
4016,4107538,7.3
4017,4107546,12.9
4018,4107553,7.8
4019,4107603,6.5
4020,4107652,5.6
4021,4107702,9.4
4022,4107736,5.3
4023,4107751,9.8
4024,4107801,9.2
4025,4107850,3
4026,4107900,8.3
4027,4108007,10.8
4028,4108106,15.8
4029,4108205,4.4
4030,4108304,7.8
4031,4108320,15.6
4032,4108403,3.8
4033,4108452,17.2
4034,4108502,9.4
4035,4108551,5.4
4036,4108601,12.3
4037,4108650,8.2
4038,4108700,16.7
4039,4108809,9.2
4040,4108908,19.6
4041,4108957,3.6
4042,4109005,10.7
4043,4109104,7.6
4044,4109203,12.8
4045,4109302,8
4046,4109401,7.7
4047,4109500,16.3
4048,4109609,11.1
4049,4109658,5.3
4050,4109708,9.2
4051,4109757,9.1
4052,4109807,13.1
4053,4109906,12.4
4054,4110003,8.2
4055,4110052,1.9
4056,4110078,7.1
4057,4110102,8.3
4058,4110201,12.4
4059,4110300,9.7
4060,4110409,11.1
4061,4110508,11.1
4062,4110607,10.4
4063,4110656,11.1
4064,4110706,5.1
4065,4110805,12.9
4066,4110904,9.4
4067,4110953,9.9
4068,4111001,8.8
4069,4111100,9.4
4070,4111209,5.5
4071,4111258,15.3
4072,4111308,17.7
4073,4111407,3.8
4074,4111506,6.3
4075,4111555,3.9
4076,4111605,4.7
4077,4111704,10.8
4078,4111803,9.8
4079,4111902,15.9
4080,4112009,2
4081,4112108,6.6
4082,4112207,8.1
4083,4112306,8.4
4084,4112405,5.6
4085,4112504,6.2
4086,4112603,16.5
4087,4112702,14.3
4088,4112751,8.1
4089,4112801,16.4
4090,4112900,12.7
4091,4112959,9.1
4092,4113007,12.4
4093,4113106,9.3
4094,4113205,6.7
4095,4113254,13.3
4096,4113304,15.1
4097,4113403,10.3
4098,4113429,4.7
4099,4113452,7
4100,4113502,11.5
4101,4113601,7.3
4102,4113700,7.4
4103,4113734,18.3
4104,4113759,1.8
4105,4113809,12.6
4106,4113908,2.8
4107,4114005,8.4
4108,4114104,7.5
4109,4114203,5.5
4110,4114302,5.9
4111,4114351,2
4112,4114401,7.6
4113,4114500,13.1
4114,4114609,8
4115,4114708,9.4
4116,4114807,10
4117,4114906,9.8
4118,4115002,8.4
4119,4115101,12.8
4120,4115200,6.9
4121,4115309,6.1
4122,4115358,9.9
4123,4115408,3.2
4124,4115457,5.8
4125,4115507,14.4
4126,4115606,5.7
4127,4115705,10.2
4128,4115739,10.5
4129,4115754,18.5
4130,4115804,8
4131,4115853,5.2
4132,4115903,7.7
4133,4116000,14
4134,4116059,4.1
4135,4116109,9.7
4136,4116208,15.8
4137,4116307,10.7
4138,4116406,9.9
4139,4116505,11.2
4140,4116604,9.9
4141,4116703,5.1
4142,4116802,16.3
4143,4116901,6.9
4144,4116950,3.2
4145,4117008,10.2
4146,4117057,12.6
4147,4117107,7.7
4148,4117206,8.1
4149,4117214,10.2
4150,4117222,5.3
4151,4117255,9.2
4152,4117271,9.3
4153,4117297,5.2
4154,4117305,6.7
4155,4117404,11.6
4156,4117453,6.2
4157,4117503,15.6
4158,4117602,11.5
4159,4117701,7.9
4160,4117800,7.9
4161,4117909,5.6
4162,4118006,7.7
4163,4118105,9.5
4164,4118204,8.9
4165,4118303,5.8
4166,4118402,5.4
4167,4118451,8.4
4168,4118501,5.2
4169,4118600,13.1
4170,4118709,11.2
4171,4118808,10.9
4172,4118857,8.2
4173,4118907,6.5
4174,4119004,3.9
4175,4119103,8
4176,4119152,7.5
4177,4119202,10.7
4178,4119251,3
4179,4119301,10
4180,4119400,5.3
4181,4119509,9.1
4182,4119608,4.9
4183,4119657,7
4184,4119707,16.1
4185,4119806,4.3
4186,4119905,2.8
4187,4119954,12
4188,4120002,5.1
4189,4120101,9.5
4190,4120150,6.7
4191,4120200,19
4192,4120309,7.3
4193,4120333,15.5
4194,4120358,9.6
4195,4120408,6.8
4196,4120507,7.7
4197,4120606,5.2
4198,4120655,7.9
4199,4120705,9
4200,4120804,8.8
4201,4120853,4.8
4202,4120903,10.1
4203,4121000,19.6
4204,4121109,16.2
4205,4121208,6.8
4206,4121257,9.8
4207,4121307,10.8
4208,4121356,15.4
4209,4121406,5.8
4210,4121505,7.7
4211,4121604,1.6
4212,4121703,7.1
4213,4121752,15.1
4214,4121802,6.8
4215,4121901,11.9
4216,4122008,4.4
4217,4122107,2.2
4218,4122156,10.9
4219,4122172,7.4
4220,4122206,7.5
4221,4122305,4.8
4222,4122404,11.1
4223,4122503,2.9
4224,4122602,7.9
4225,4122651,5.6
4226,4122701,6.3
4227,4122800,2.5
4228,4122909,4.3
4229,4123006,6.6
4230,4123105,12.1
4231,4123204,7.2
4232,4123303,14.9
4233,4123402,2.9
4234,4123501,9.2
4235,4123600,6.3
4236,4123709,14.9
4237,4123808,7.4
4238,4123824,8.3
4239,4123857,8.8
4240,4123907,13.8
4241,4123956,11.4
4242,4124004,9.5
4243,4124020,7.7
4244,4124053,5.4
4245,4124103,17.2
4246,4124202,21.5
4247,4124301,5.3
4248,4124400,5.9
4249,4124509,14.2
4250,4124608,6.2
4251,4124707,7.2
4252,4124806,4.7
4253,4124905,17.2
4254,4125001,10
4255,4125100,10
4256,4125209,2.8
4257,4125308,2.5
4258,4125357,3.7
4259,4125407,6.5
4260,4125456,9.9
4261,4125506,8
4262,4125555,6.7
4263,4125605,6
4264,4125704,9.5
4265,4125753,8.2
4266,4125803,8.7
4267,4125902,19.9
4268,4126009,5.3
4269,4126108,6.5
4270,4126207,18.2
4271,4126256,14.5
4272,4126272,5.2
4273,4126306,9.2
4274,4126355,3.9
4275,4126405,12.4
4276,4126504,14.1
4277,4126603,11.6
4278,4126652,6
4279,4126678,25
4280,4126702,9.3
4281,4126801,4.2
4282,4126900,8.6
4283,4127007,11.2
4284,4127106,5.8
4285,4127205,4.6
4286,4127304,13.6
4287,4127403,10.2
4288,4127502,13.3
4289,4127601,12.1
4290,4127700,3.4
4291,4127809,9
4292,4127858,3.9
4293,4127882,8.8
4294,4127908,6.3
4295,4127957,9.1
4296,4127965,15.2
4297,4128005,5.4
4298,4128104,6.6
4299,4128203,6.6
4300,4128302,10.5
4301,4128401,8.5
4302,4128500,10.2
4303,4128534,13.1
4304,4128559,7.1
4305,4128609,2
4306,4128625,10.8
4307,4128633,6.7
4308,4128658,15.1
4309,4128708,3.2
4310,4128807,7.6
4311,4200051,7.5
4312,4200101,7.3
4313,4200200,9.5
4314,4200309,13.5
4315,4200408,14.5
4316,4200507,15
4317,4200556,5.2
4318,4200606,10.1
4319,4200705,9.2
4320,4200754,10.6
4321,4200804,9.4
4322,4200903,12.8
4323,4201000,6.1
4324,4201109,25.2
4325,4201208,7.6
4326,4201257,7.3
4327,4201273,10.9
4328,4201307,10
4329,4201406,10
4330,4201505,11.3
4331,4201604,12.1
4332,4201653,5.4
4333,4201703,11
4334,4201802,5.5
4335,4201901,7.2
4336,4201950,13.8
4337,4202008,12.2
4338,4202057,14.9
4339,4202073,15.3
4340,4202081,5.6
4341,4202099,6.3
4342,4202107,9.5
4343,4202131,5.3
4344,4202156,17.4
4345,4202206,8.2
4346,4202305,16.1
4347,4202404,9
4348,4202438,15.4
4349,4202453,7.9
4350,4202503,13.7
4351,4202537,13.6
4352,4202578,6.8
4353,4202602,15.3
4354,4202701,10.8
4355,4202800,10.5
4356,4202859,11.7
4357,4202875,10.6
4358,4202909,8.7
4359,4203006,12.8
4360,4203105,9.1
4361,4203154,13.5
4362,4203204,17
4363,4203253,12.6
4364,4203303,5.3
4365,4203402,8.9
4366,4203501,5.5
4367,4203600,10.7
4368,4203709,11.7
4369,4203808,3.9
4370,4203907,16.5
4371,4203956,14.6
4372,4204004,12.2
4373,4204103,5.5
4374,4204152,5.3
4375,4204178,8.7
4376,4204194,9.7
4377,4204202,7.6
4378,4204251,5.9
4379,4204301,7.9
4380,4204350,3.1
4381,4204400,6
4382,4204459,5.4
4383,4204509,6.4
4384,4204558,8.5
4385,4204608,5.2
4386,4204707,11.3
4387,4204756,13
4388,4204806,6
4389,4204905,11.3
4390,4205001,9.9
4391,4205100,9.8
4392,4205159,8
4393,4205175,8.8
4394,4205191,5.9
4395,4205209,9.6
4396,4205308,13.1
4397,4205357,8.2
4398,4205407,10.3
4399,4205431,11.3
4400,4205456,7.9
4401,4205506,8.7
4402,4205555,6.8
4403,4205605,3.3
4404,4205704,7.9
4405,4205803,8.7
4406,4205902,7.6
4407,4206009,15.2
4408,4206108,7.7
4409,4206207,12.8
4410,4206306,7.7
4411,4206405,3.4
4412,4206504,7.3
4413,4206603,8.3
4414,4206652,8.9
4415,4206702,14.2
4416,4206751,8.7
4417,4206801,11.5
4418,4206900,9.9
4419,4207007,9.4
4420,4207106,8.4
4421,4207205,12.3
4422,4207304,13.9
4423,4207403,4.6
4424,4207502,8.7
4425,4207577,10.5
4426,4207601,8
4427,4207650,7
4428,4207684,12.3
4429,4207700,6
4430,4207759,4.1
4431,4207809,11.9
4432,4207858,6.3
4433,4207908,6
4434,4208005,11.4
4435,4208104,10.9
4436,4208203,7.6
4437,4208302,8.2
4438,4208401,9.3
4439,4208450,8.5
4440,4208500,9.3
4441,4208609,15.8
4442,4208708,7.9
4443,4208807,12.9
4444,4208906,5.4
4445,4208955,8.7
4446,4209003,10.2
4447,4209102,7.7
4448,4209151,10.8
4449,4209177,8.5
4450,4209201,6
4451,4209300,12.5
4452,4209409,11.9
4453,4209458,6
4454,4209508,7.5
4455,4209607,10.2
4456,4209706,15
4457,4209805,8.5
4458,4209854,9.8
4459,4209904,16.3
4460,4210001,13.2
4461,4210035,5.3
4462,4210050,14.2
4463,4210100,6.7
4464,4210209,11.6
4465,4210308,3.7
4466,4210407,9.6
4467,4210506,11.9
4468,4210555,11.7
4469,4210605,7.4
4470,4210704,18.5
4471,4210803,9.2
4472,4210852,6.3
4473,4210902,13.9
4474,4211009,8.1
4475,4211058,9.7
4476,4211108,9.5
4477,4211207,12.3
4478,4211256,6.1
4479,4211306,12.9
4480,4211405,10
4481,4211454,11.3
4482,4211504,7.7
4483,4211603,5.1
4484,4211652,8.2
4485,4211702,7.9
4486,4211751,8.8
4487,4211801,13.9
4488,4211850,5.8
4489,4211876,6.8
4490,4211892,13.8
4491,4211900,16.2
4492,4212007,7.1
4493,4212056,21
4494,4212106,10.1
4495,4212205,8.2
4496,4212239,10.4
4497,4212254,16.1
4498,4212270,12.8
4499,4212304,18.4
4500,4212403,12.4
4501,4212502,8.6
4502,4212601,5.9
4503,4212650,13.9
4504,4212700,10.3
4505,4212809,11.6
4506,4212908,9.3
4507,4213005,10.2
4508,4213104,5.2
4509,4213153,4.9
4510,4213203,5.6
4511,4213302,14.8
4512,4213351,15
4513,4213401,16.8
4514,4213500,9.8
4515,4213609,7.8
4516,4213708,11.1
4517,4213807,11.8
4518,4213906,5.5
4519,4214003,10
4520,4214102,9.7
4521,4214151,9.2
4522,4214201,8.2
4523,4214300,9.8
4524,4214409,9.2
4525,4214508,3.6
4526,4214607,9.9
4527,4214706,8.9
4528,4214805,9.7
4529,4214904,13
4530,4215000,4.2
4531,4215059,14
4532,4215075,7.5
4533,4215109,6.7
4534,4215208,8.9
4535,4215307,4.6
4536,4215356,13.4
4537,4215406,10.3
4538,4215455,15.8
4539,4215505,7.2
4540,4215554,5.6
4541,4215604,4.4
4542,4215653,14.3
4543,4215679,3.2
4544,4215687,3.8
4545,4215695,8.2
4546,4215703,12.4
4547,4215752,12.8
4548,4215802,4.3
4549,4215901,6.2
4550,4216008,9.7
4551,4216057,13.8
4552,4216107,6.6
4553,4216206,11.5
4554,4216255,5.9
4555,4216305,11
4556,4216354,16.5
4557,4216404,12.1
4558,4216503,11.3
4559,4216602,11.2
4560,4216701,7
4561,4216800,14.7
4562,4216909,12.7
4563,4217006,11.4
4564,4217105,5.7
4565,4217154,4.8
4566,4217204,8.4
4567,4217253,7.8
4568,4217303,11.9
4569,4217402,6.3
4570,4217501,9.9
4571,4217550,8.9
4572,4217600,11.6
4573,4217709,12.1
4574,4217758,4.8
4575,4217808,6.2
4576,4217907,4.4
4577,4217956,9.7
4578,4218004,13.2
4579,4218103,8.6
4580,4218202,7.2
4581,4218251,3
4582,4218301,11.2
4583,4218350,12.4
4584,4218400,14.6
4585,4218509,17.7
4586,4218608,10
4587,4218707,10
4588,4218756,9.1
4589,4218806,9.5
4590,4218855,9.3
4591,4218905,12.6
4592,4218954,12.9
4593,4219002,8.1
4594,4219101,10.6
4595,4219150,9
4596,4219176,11.6
4597,4219200,4
4598,4219309,10.3
4599,4219358,9.5
4600,4219408,7
4601,4219507,10.4
4602,4219606,9
4603,4219705,13.7
4604,4219853,19.7
4605,4220000,13.3
4606,4300034,15.3
4607,4300059,12.4
4608,4300109,14.8
4609,4300208,5.3
4610,4300307,6
4611,4300406,10.6
4612,4300455,6.7
4613,4300471,8.5
4614,4300505,4.5
4615,4300554,5.3
4616,4300570,7
4617,4300604,17.6
4618,4300638,12.7
4619,4300646,11.8
4620,4300661,17.4
4621,4300703,4.4
4622,4300802,8.7
4623,4300851,17.7
4624,4300877,11.3
4625,4300901,3.1
4626,4301008,9.3
4627,4301057,16
4628,4301073,8.4
4629,4301107,16.4
4630,4301206,4.2
4631,4301305,18.4
4632,4301404,5.4
4633,4301503,7.2
4634,4301552,6
4635,4301602,12.7
4636,4301636,22.8
4637,4301651,6.7
4638,4301701,5.9
4639,4301750,13.4
4640,4301800,10.5
4641,4301859,7.9
4642,4301875,13.6
4643,4301909,14.9
4644,4301925,0
4645,4301958,3.4
4646,4302006,10.8
4647,4302055,9.8
4648,4302105,10.4
4649,4302154,12.1
4650,4302204,9.1
4651,4302220,9.3
4652,4302238,8.2
4653,4302253,8.2
4654,4302303,10.2
4655,4302352,11.2
4656,4302378,7
4657,4302402,11.6
4658,4302451,9.1
4659,4302501,8.7
4660,4302584,3.5
4661,4302600,9.8
4662,4302659,12.6
4663,4302709,13.9
4664,4302808,18
4665,4302907,14.7
4666,4303004,12.2
4667,4303103,13.8
4668,4303202,6.1
4669,4303301,11.1
4670,4303400,3.6
4671,4303509,8.7
4672,4303558,7.6
4673,4303608,9.7
4674,4303673,10.9
4675,4303707,4.1
4676,4303806,1.3
4677,4303905,2.7
4678,4304002,11.2
4679,4304101,4.2
4680,4304200,14.2
4681,4304309,8.1
4682,4304358,13
4683,4304408,9.9
4684,4304507,16.4
4685,4304606,16.8
4686,4304614,11.5
4687,4304622,6.3
4688,4304630,17.4
4689,4304655,10.7
4690,4304663,21.6
4691,4304671,8.2
4692,4304689,21.7
4693,4304697,6.5
4694,4304705,7.6
4695,4304713,12.6
4696,4304804,6.4
4697,4304853,4.4
4698,4304903,3.8
4699,4304952,7.9
4700,4305009,3.5
4701,4305108,8.9
4702,4305116,3
4703,4305124,16.2
4704,4305132,11.4
4705,4305157,6
4706,4305173,12.5
4707,4305207,8.9
4708,4305306,7.2
4709,4305355,16.1
4710,4305371,18.4
4711,4305405,7.1
4712,4305439,13.6
4713,4305447,15.7
4714,4305454,26.4
4715,4305504,4.2
4716,4305587,7.3
4717,4305603,8
4718,4305702,12.9
4719,4305801,8.5
4720,4305835,3.4
4721,4305850,3.9
4722,4305871,10.8
4723,4305900,15.3
4724,4305934,4.5
4725,4305959,11.4
4726,4305975,8.9
4727,4306007,10.1
4728,4306056,15.8
4729,4306072,4.4
4730,4306106,13.1
4731,4306130,4.1
4732,4306205,12.4
4733,4306304,2.9
4734,4306320,7.5
4735,4306353,6.1
4736,4306379,17.7
4737,4306403,8.8
4738,4306429,11.4
4739,4306452,4.5
4740,4306502,21.4
4741,4306551,7.5
4742,4306601,18.3
4743,4306700,11
4744,4306734,6.9
4745,4306759,3.5
4746,4306767,17.3
4747,4306809,9.7
4748,4306908,20.2
4749,4306924,8.9
4750,4306932,13.8
4751,4306957,4.3
4752,4306973,12.5
4753,4307005,5.8
4754,4307054,9.1
4755,4307104,18.3
4756,4307203,10.1
4757,4307302,4.3
4758,4307401,14.7
4759,4307450,5.8
4760,4307500,11.9
4761,4307559,5.1
4762,4307609,6.3
4763,4307708,7.3
4764,4307807,7.3
4765,4307815,8.5
4766,4307831,23.2
4767,4307864,8.1
4768,4307906,5.3
4769,4308003,8.1
4770,4308052,10.2
4771,4308078,13.1
4772,4308102,5.3
4773,4308201,7.7
4774,4308250,5
4775,4308300,8.2
4776,4308409,15.4
4777,4308433,13.2
4778,4308458,8
4779,4308508,7.2
4780,4308607,6.6
4781,4308656,11.8
4782,4308706,4.8
4783,4308805,16.7
4784,4308854,5.1
4785,4308904,2.7
4786,4309001,4.8
4787,4309050,12.3
4788,4309100,10.6
4789,4309126,18.7
4790,4309159,13.7
4791,4309209,12.7
4792,4309258,0.9
4793,4309308,10.7
4794,4309407,5.8
4795,4309506,5.8
4796,4309555,9.6
4797,4309571,17.4
4798,4309605,4.1
4799,4309654,8.1
4800,4309704,9.3
4801,4309753,9.7
4802,4309803,5.7
4803,4309902,13.8
4804,4309951,22.3
4805,4310009,9.6
4806,4310108,4.1
4807,4310207,7
4808,4310306,6.4
4809,4310330,14.6
4810,4310363,17.4
4811,4310405,15.3
4812,4310413,10.1
4813,4310439,11.6
4814,4310462,9.9
4815,4310504,9.3
4816,4310538,15.9
4817,4310553,13.7
4818,4310579,3.1
4819,4310603,10.8
4820,4310652,14
4821,4310702,4.4
4822,4310751,12.5
4823,4310801,5
4824,4310850,11.1
4825,4310876,12.4
4826,4310900,5.4
4827,4311007,19.2
4828,4311106,14.9
4829,4311122,8.2
4830,4311130,5.2
4831,4311155,14.1
4832,4311205,11.7
4833,4311239,3.9
4834,4311254,9.9
4835,4311270,2.9
4836,4311304,6.9
4837,4311403,6.5
4838,4311429,11.2
4839,4311502,17.1
4840,4311601,5.1
4841,4311627,6.2
4842,4311643,5.1
4843,4311700,9.9
4844,4311718,14.3
4845,4311734,8.5
4846,4311759,14.4
4847,4311775,10.4
4848,4311791,11.3
4849,4311809,6.8
4850,4311908,5.1
4851,4311981,16.6
4852,4312005,2.6
4853,4312054,8.4
4854,4312104,11.5
4855,4312138,11.3
4856,4312153,9.3
4857,4312179,7.8
4858,4312203,1
4859,4312252,17.5
4860,4312302,5.8
4861,4312351,4.6
4862,4312377,25.5
4863,4312385,5.7
4864,4312401,11.6
4865,4312427,5.4
4866,4312443,3.7
4867,4312450,17.2
4868,4312476,2.5
4869,4312500,15.5
4870,4312609,10.4
4871,4312617,14.1
4872,4312625,9.8
4873,4312658,10.2
4874,4312674,10
4875,4312708,7.7
4876,4312757,4.5
4877,4312807,6.6
4878,4312906,7.7
4879,4312955,3.6
4880,4313003,3
4881,4313011,10.4
4882,4313037,3.4
4883,4313060,8
4884,4313086,5
4885,4313102,6.7
4886,4313201,6.6
4887,4313300,6.5
4888,4313334,8.9
4889,4313359,5.8
4890,4313375,15.9
4891,4313391,8.9
4892,4313409,7
4893,4313425,10
4894,4313441,5.9
4895,4313466,3.4
4896,4313490,7
4897,4313508,10.3
4898,4313607,2
4899,4313656,14
4900,4313706,11.1
4901,4313805,3.6
4902,4313904,10.7
4903,4313953,11.3
4904,4314001,3.3
4905,4314027,14
4906,4314035,11.9
4907,4314050,9.2
4908,4314068,8.9
4909,4314076,9
4910,4314100,13.3
4911,4314134,4.6
4912,4314159,14.7
4913,4314175,16.3
4914,4314209,21.1
4915,4314308,6.9
4916,4314407,12.4
4917,4314423,6.5
4918,4314456,7.1
4919,4314464,4.2
4920,4314472,8.6
4921,4314498,7.9
4922,4314506,19.3
4923,4314548,6.8
4924,4314555,10.2
4925,4314605,12.7
4926,4314704,6.2
4927,4314753,6
4928,4314779,9.4
4929,4314787,5
4930,4314803,17.5
4931,4314902,15
4932,4315008,4.4
4933,4315057,13.4
4934,4315073,5.6
4935,4315107,5.7
4936,4315131,4.2
4937,4315149,7.8
4938,4315156,5.6
4939,4315172,7.2
4940,4315206,3.3
4941,4315305,11.9
4942,4315313,10.6
4943,4315321,8.9
4944,4315354,5.7
4945,4315404,16.1
4946,4315453,13.7
4947,4315503,13.6
4948,4315552,7.6
4949,4315602,17
4950,4315701,10.4
4951,4315750,9.2
4952,4315800,11.3
4953,4315909,7
4954,4315958,11.2
4955,4316006,7.5
4956,4316105,7.6
4957,4316204,6.5
4958,4316303,9.9
4959,4316402,11
4960,4316428,7.9
4961,4316436,5.2
4962,4316451,17.2
4963,4316477,6.9
4964,4316501,9.2
4965,4316600,4.1
4966,4316709,7.7
4967,4316733,6.2
4968,4316758,7.7
4969,4316808,12.2
4970,4316907,11.7
4971,4316956,9.1
4972,4316972,29.4
4973,4317004,19.9
4974,4317103,14.7
4975,4317202,7.9
4976,4317251,3.8
4977,4317301,13.9
4978,4317400,6.4
4979,4317509,10.4
4980,4317558,3.2
4981,4317608,9
4982,4317707,14.9
4983,4317756,5.9
4984,4317806,7.1
4985,4317905,8.6
4986,4317954,4.5
4987,4318002,9.2
4988,4318051,4.2
4989,4318101,4.7
4990,4318200,9.3
4991,4318309,18
4992,4318408,13.1
4993,4318424,2.1
4994,4318432,10
4995,4318440,7.9
4996,4318457,5.6
4997,4318465,3.1
4998,4318481,9.6
4999,4318499,1.4
5000,4318507,21.9
5001,4318606,4.2
5002,4318614,7.7
5003,4318622,11.7
5004,4318705,14.7
5005,4318804,19.3
5006,4318903,8.9
5007,4319000,11.4
5008,4319109,13.3
5009,4319125,12.8
5010,4319158,12.9
5011,4319208,9.1
5012,4319307,10.7
5013,4319356,12
5014,4319364,10
5015,4319372,7.7
5016,4319406,6.9
5017,4319505,17
5018,4319604,9.8
5019,4319703,5.4
5020,4319711,4.8
5021,4319737,32.1
5022,4319752,7.7
5023,4319802,11.6
5024,4319901,9.8
5025,4320008,13.1
5026,4320107,4.6
5027,4320206,9.3
5028,4320230,13.9
5029,4320263,10.8
5030,4320305,9.3
5031,4320321,5.1
5032,4320354,15.9
5033,4320404,4.1
5034,4320453,4.7
5035,4320503,8.7
5036,4320552,12
5037,4320578,8.3
5038,4320602,3.6
5039,4320651,11.4
5040,4320677,19
5041,4320701,8.2
5042,4320800,9.3
5043,4320859,13.5
5044,4320909,5
5045,4321006,5.1
5046,4321105,16.9
5047,4321204,8.1
5048,4321303,11.1
5049,4321329,6.5
5050,4321352,13.1
5051,4321402,7.9
5052,4321436,21.8
5053,4321451,8.6
5054,4321469,8.3
5055,4321477,13.4
5056,4321493,5.5
5057,4321501,7.1
5058,4321600,14.3
5059,4321626,2.3
5060,4321634,3.1
5061,4321667,6.7
5062,4321709,8.3
5063,4321808,8.3
5064,4321832,12.6
5065,4321857,3.6
5066,4321907,6.1
5067,4321956,5.5
5068,4322004,15.5
5069,4322103,7.4
5070,4322152,4.6
5071,4322186,8.2
5072,4322202,10.2
5073,4322251,11.1
5074,4322301,5.4
5075,4322327,17.1
5076,4322343,7
5077,4322350,3.8
5078,4322376,4.5
5079,4322400,8.6
5080,4322509,10.6
5081,4322525,14.6
5082,4322533,22.1
5083,4322541,16.3
5084,4322558,8.3
5085,4322608,12.2
5086,4322707,11.7
5087,4322806,6.6
5088,4322855,3.5
5089,4322905,5.6
5090,4323002,14.8
5091,4323101,8.8
5092,4323200,7
5093,4323309,17.1
5094,4323358,4.8
5095,4323408,9.7
5096,4323457,12.4
5097,4323507,5.4
5098,4323606,7.6
5099,4323705,1.9
5100,4323754,14.6
5101,4323770,5.2
5102,4323804,15
5103,5000203,21.3
5104,5000252,28
5105,5000609,25.1
5106,5000708,23.8
5107,5000807,29.2
5108,5000856,19
5109,5000906,10.1
5110,5001003,16.6
5111,5001102,22.1
5112,5001243,16.6
5113,5001508,22.2
5114,5001904,14.4
5115,5002001,19.8
5116,5002100,12.6
5117,5002159,25.4
5118,5002209,20
5119,5002308,14.4
5120,5002407,24.2
5121,5002605,15.5
5122,5002704,11.2
5123,5002803,19.2
5124,5002902,15.3
5125,5002951,15
5126,5003108,25.8
5127,5003157,27
5128,5003207,16.1
5129,5003256,14.4
5130,5003306,19.3
5131,5003454,16.3
5132,5003488,18.8
5133,5003504,20.3
5134,5003702,22.9
5135,5003751,19.7
5136,5003801,20.1
5137,5003900,17.4
5138,5004007,16.4
5139,5004106,18.4
5140,5004304,23.3
5141,5004403,19.7
5142,5004502,18.6
5143,5004601,27.1
5144,5004700,23.9
5145,5004809,26.8
5146,5004908,22.8
5147,5005004,18.3
5148,5005103,17.8
5149,5005152,28
5150,5005202,17.4
5151,5005251,30.6
5152,5005400,18.4
5153,5005608,25.3
5154,5005681,17.5
5155,5005707,21.8
5156,5005806,18.3
5157,5006002,24.3
5158,5006200,13.3
5159,5006259,23.9
5160,5006275,25.9
5161,5006309,17.1
5162,5006358,31
5163,5006408,26.1
5164,5006606,17.8
5165,5006903,25.6
5166,5007109,29.7
5167,5007208,20.2
5168,5007307,21.1
5169,5007406,20.8
5170,5007505,19.1
5171,5007554,22.4
5172,5007695,24.3
5173,5007703,22.2
5174,5007802,16.2
5175,5007901,25.1
5176,5007935,13.1
5177,5007950,36.7
5178,5007976,8.6
5179,5008008,18.4
5180,5008305,13.2
5181,5008404,18.8
5182,5100102,4.5
5183,5100201,4.1
5184,5100250,4
5185,5100300,7.2
5186,5100359,7.3
5187,5100409,6.5
5188,5100508,3.1
5189,5100607,9.8
5190,5100805,8.6
5191,5101001,7.2
5192,5101209,11.9
5193,5101258,3
5194,5101308,6.4
5195,5101407,10.5
5196,5101605,7.2
5197,5101704,6.9
5198,5101803,7.7
5199,5101852,11.3
5200,5101902,13.1
5201,5102504,5.1
5202,5102603,18.2
5203,5102637,8.1
5204,5102678,5.6
5205,5102686,6.9
5206,5102694,6.1
5207,5102702,7.9
5208,5102793,4.7
5209,5102850,4.2
5210,5103007,10.3
5211,5103056,6.3
5212,5103106,8.1
5213,5103205,6.9
5214,5103254,8.9
5215,5103304,7
5216,5103353,6.6
5217,5103361,9.2
5218,5103379,8.9
5219,5103403,6.5
5220,5103437,5.5
5221,5103452,9.3
5222,5103502,3.1
5223,5103601,2.2
5224,5103700,11.5
5225,5103809,3.3
5226,5103858,11.1
5227,5103908,19.4
5228,5103957,1.4
5229,5104104,4
5230,5104203,2.8
5231,5104500,7.2
5232,5104526,7.2
5233,5104542,5.3
5234,5104559,10.3
5235,5104609,4.8
5236,5104807,3.6
5237,5104906,3
5238,5105002,3.7
5239,5105101,4.8
5240,5105150,7.6
5241,5105176,11.2
5242,5105200,3.8
5243,5105234,10.5
5244,5105259,4.9
5245,5105309,9.5
5246,5105507,14.1
5247,5105580,9
5248,5105606,3.8
5249,5105622,4.1
5250,5105903,4.2
5251,5106000,4.7
5252,5106109,5.2
5253,5106158,4.2
5254,5106174,20.7
5255,5106182,9.1
5256,5106190,6.6
5257,5106208,6.8
5258,5106216,6.8
5259,5106224,2.5
5260,5106232,3.9
5261,5106240,12
5262,5106257,4.7
5263,5106265,3.7
5264,5106273,1.7
5265,5106281,6.2
5266,5106299,5.8
5267,5106307,4.9
5268,5106315,8.4
5269,5106372,4.2
5270,5106422,5.2
5271,5106455,3.6
5272,5106505,6
5273,5106653,7.8
5274,5106703,9
5275,5106752,5.9
5276,5106778,6.3
5277,5106802,3
5278,5106828,9.1
5279,5106851,7.4
5280,5107008,9
5281,5107040,5.7
5282,5107065,7
5283,5107107,4.9
5284,5107156,2.5
5285,5107180,5.9
5286,5107198,1.2
5287,5107206,8.9
5288,5107248,15.3
5289,5107263,4.1
5290,5107297,6.3
5291,5107305,2.5
5292,5107354,6.6
5293,5107404,3.3
5294,5107578,5.6
5295,5107602,4.1
5296,5107701,6.8
5297,5107743,18.8
5298,5107750,1.8
5299,5107768,4.1
5300,5107776,10.4
5301,5107792,15
5302,5107800,7.1
5303,5107859,11.6
5304,5107875,7.2
5305,5107883,14.7
5306,5107909,9.3
5307,5107925,3.2
5308,5107941,6
5309,5107958,4.8
5310,5108006,2.6
5311,5108055,5
5312,5108105,6.2
5313,5108204,4.2
5314,5108303,11.1
5315,5108352,3.5
5316,5108402,5.8
5317,5108501,6
5318,5108600,13.5
5319,5108808,4.3
5320,5108857,3.5
5321,5108907,3.5
5322,5108956,3.7
5323,5200050,11.1
5324,5200100,8.5
5325,5200134,7.2
5326,5200159,9.3
5327,5200175,11.7
5328,5200209,4.8
5329,5200258,14.4
5330,5200308,6.4
5331,5200506,6.8
5332,5200555,5.8
5333,5200605,18.2
5334,5200803,6.3
5335,5200829,10.9
5336,5200852,7
5337,5200902,6.6
5338,5201108,10
5339,5201207,4.4
5340,5201306,3.2
5341,5201405,10.3
5342,5201454,10.5
5343,5201504,7.1
5344,5201603,4.8
5345,5201702,8.9
5346,5201801,12.9
5347,5202155,5.8
5348,5202353,2.9
5349,5202502,9.1
5350,5202601,2.1
5351,5202809,5.7
5352,5203104,6.3
5353,5203203,4.5
5354,5203302,7.2
5355,5203401,7.7
5356,5203500,7
5357,5203559,8.3
5358,5203575,7.5
5359,5203609,12.2
5360,5203807,11.5
5361,5203906,6.1
5362,5203939,4.5
5363,5203962,6.9
5364,5204003,7
5365,5204102,8.9
5366,5204201,4.9
5367,5204250,5.7
5368,5204300,9.4
5369,5204409,5.8
5370,5204508,11.5
5371,5204557,12.3
5372,5204607,4.6
5373,5204656,5
5374,5204706,8.8
5375,5204805,10.8
5376,5204854,8.9
5377,5204904,8.2
5378,5204953,3.9
5379,5205000,3.9
5380,5205059,16.7
5381,5205109,9.4
5382,5205208,11.2
5383,5205307,17.2
5384,5205406,1.9
5385,5205455,6
5386,5205471,8.2
5387,5205497,13.9
5388,5205513,8.9
5389,5205521,10.1
5390,5205703,3.7
5391,5205802,11.5
5392,5205901,5.6
5393,5206206,11.9
5394,5206305,14
5395,5206404,3.4
5396,5206503,3
5397,5206602,13.5
5398,5206701,7.8
5399,5206800,4.9
5400,5206909,18.2
5401,5207105,7.8
5402,5207253,10.5
5403,5207352,12.6
5404,5207402,4.1
5405,5207501,5
5406,5207535,9.9
5407,5207600,4.8
5408,5207808,3.6
5409,5207907,12.9
5410,5208004,9.8
5411,5208103,4
5412,5208152,12.5
5413,5208301,10.8
5414,5208400,8.2
5415,5208509,3.3
5416,5208608,2.3
5417,5208707,6
5418,5208806,9.9
5419,5208905,8.2
5420,5209101,16
5421,5209150,9.1
5422,5209200,6.5
5423,5209291,3.7
5424,5209408,9.5
5425,5209457,4.4
5426,5209606,3.1
5427,5209705,15.4
5428,5209804,2.3
5429,5209903,8.7
5430,5209937,6.5
5431,5209952,5.6
5432,5210000,3.8
5433,5210109,12.9
5434,5210158,1.5
5435,5210208,4.1
5436,5210307,8.3
5437,5210406,3.7
5438,5210562,4.5
5439,5210604,3.6
5440,5210802,9.1
5441,5210901,6.2
5442,5211008,8.2
5443,5211206,4.2
5444,5211305,6.8
5445,5211404,5.4
5446,5211503,8.2
5447,5211602,1.3
5448,5211701,3.6
5449,5211800,3.1
5450,5211909,9.8
5451,5212006,3.3
5452,5212055,2.6
5453,5212105,11.8
5454,5212204,5.3
5455,5212253,5.5
5456,5212303,15.2
5457,5212501,14.6
5458,5212600,5.2
5459,5212709,12.4
5460,5212808,6.6
5461,5212907,7.7
5462,5212956,6.7
5463,5213004,4.4
5464,5213053,12.9
5465,5213087,5.5
5466,5213103,11.3
5467,5213400,21.2
5468,5213509,10.1
5469,5213707,4.6
5470,5213756,9.7
5471,5213772,7.2
5472,5213806,9.2
5473,5213855,5.3
5474,5213905,4.2
5475,5214002,12.6
5476,5214051,11.4
5477,5214101,6.6
5478,5214408,8
5479,5214507,6.3
5480,5214606,7.9
5481,5214705,3.1
5482,5214804,6
5483,5214838,14.9
5484,5214861,3.2
5485,5214879,3.5
5486,5214903,9.9
5487,5215009,7
5488,5215207,2
5489,5215231,19.8
5490,5215256,10.7
5491,5215306,7.7
5492,5215405,6
5493,5215504,8.9
5494,5215603,14.5
5495,5215652,2.5
5496,5215702,6.8
5497,5215801,9.5
5498,5215900,3.6
5499,5216007,10.3
5500,5216304,13.6
5501,5216403,10.2
5502,5216452,12.9
5503,5216809,5.6
5504,5216908,7.1
5505,5217104,13.8
5506,5217203,4.3
5507,5217302,9.4
5508,5217401,11.8
5509,5217609,20.3
5510,5217708,9.1
5511,5218003,8.4
5512,5218052,16.1
5513,5218102,15.8
5514,5218300,7.5
5515,5218391,6.3
5516,5218508,4.8
5517,5218607,3
5518,5218706,2.3
5519,5218789,9.1
5520,5218805,5.7
5521,5218904,1.9
5522,5219001,3.3
5523,5219100,5.7
5524,5219209,8.4
5525,5219258,6.2
5526,5219308,4.5
5527,5219357,3.7
5528,5219407,13
5529,5219456,4.6
5530,5219506,2.6
5531,5219605,6.5
5532,5219704,5.6
5533,5219712,3.5
5534,5219738,6
5535,5219753,23
5536,5219803,9.1
5537,5219902,3.2
5538,5220009,15.1
5539,5220058,3.1
5540,5220108,4.4
5541,5220157,10.3
5542,5220207,10.1
5543,5220264,4.8
5544,5220280,4.5
5545,5220405,17.1
5546,5220454,13.6
5547,5220504,7.3
5548,5220603,7.5
5549,5220686,10.7
5550,5220702,5.5
5551,5221007,4.2
5552,5221080,11.7
5553,5221197,18
5554,5221304,11.2
5555,5221403,7
5556,5221452,7.4
5557,5221502,2.9
5558,5221551,8.6
5559,5221577,15.3
5560,5221601,4
5561,5221700,2.9
5562,5221809,8.4
5563,5221858,14.5
5564,5221908,6.4
5565,5222005,7.7
5566,5222054,12.8
5567,5222203,15.8
5568,5222302,5
5569,5300108,11.3
